{"class":"GraphLinksModel","modelData":{"position":"-1950.6526546034702 -572.585542810808"},"nodeDataArray":[{"Name":"Fliggy platform","Type":"<<Actor Boundary>>","minSize":{"class":"go.Size","width":20,"height":20},"fill":"#ffffff","isGroup":true,"category":"OfNodes","stroke":"gray","strokeWidth":2,"font":"  14pt Times New Roman","isUnderline":false,"isStrikethrough":false,"textAlign":"center","strokeDashArray":null,"key":-5,"Annotation":"undefined"},{"Name":"Airlines","Type":"<<Actor Boundary>>","minSize":{"class":"go.Size","width":20,"height":20},"fill":"#ffffff","isGroup":true,"category":"OfNodes","stroke":"gray","strokeWidth":2,"font":"  14pt Times New Roman","isUnderline":false,"isStrikethrough":false,"textAlign":"center","strokeDashArray":null,"key":-9,"Annotation":""},{"Name":"Hotels","Type":"<<Actor Boundary>>","minSize":{"class":"go.Size","width":20,"height":20},"fill":"#ffffff","isGroup":true,"category":"OfNodes","stroke":"gray","strokeWidth":2,"font":"  14pt Times New Roman","isUnderline":false,"isStrikethrough":false,"textAlign":"center","strokeDashArray":null,"key":-11,"Annotation":"undefined"},{"Name":"provide hotel reservation","Type":"<<Functional Goal>>","Annotation":"","figure":"Pentagon","nodeType":"target","fill":"#8FBC8F","stroke":"#2E8B57","strokeWidth":2,"font":"  14pt Times New Roman","isUnderline":false,"isStrikethrough":false,"textAlign":"center","strokeDashArray":null,"key":-13,"loc":"-340 349","group":-11,"Operation":"","Object":"","size":"285.22668457031244 83"},{"Name":"Consumers","Type":"<<Actor Boundary>>","minSize":{"class":"go.Size","width":20,"height":20},"fill":"#ffffff","isGroup":true,"category":"OfNodes","stroke":"gray","strokeWidth":2,"font":"  14pt Times New Roman","isUnderline":false,"isStrikethrough":false,"textAlign":"center","strokeDashArray":null,"key":-23,"Annotation":"undefined"},{"Name":"Air ticket order management","Type":"<<Functional Goal>>","Annotation":"","figure":"Pentagon","nodeType":"target","fill":"#8FBC8F","stroke":"#2E8B57","strokeWidth":2,"font":"  14pt Times New Roman","isUnderline":false,"isStrikethrough":false,"textAlign":"center","strokeDashArray":null,"key":-25,"loc":"-1330 -257","group":-23,"Operation":"undefined","Object":"undefined","size":"211 88.05882352941177"},{"Name":"hotel reservation","Type":"<<Functional Goal>>","Annotation":"","figure":"Pentagon","nodeType":"target","fill":"#8FBC8F","stroke":"#2E8B57","strokeWidth":2,"font":"  14pt Times New Roman","isUnderline":false,"isStrikethrough":false,"textAlign":"center","strokeDashArray":null,"key":-26,"loc":"-1040 -467","group":-23,"Operation":"undefined","Object":"undefined"},{"Name":"Select flight","Type":"<<Operational Goal>>","Annotation":"","figure":"CreateRequest","nodeType":"target","fill":"#c0d9a2","stroke":"#8FBC8F","strokeWidth":2,"font":"  14pt Times New Roman","isUnderline":false,"isStrikethrough":false,"textAlign":"center","strokeDashArray":null,"key":-27,"loc":"-1400 -137","group":-23},{"Name":"Air ticket payment","Type":"<<Operational Goal>>","Annotation":"","figure":"CreateRequest","nodeType":"target","fill":"#c0d9a2","stroke":"#8FBC8F","strokeWidth":2,"font":"  14pt Times New Roman","isUnderline":false,"isStrikethrough":false,"textAlign":"center","strokeDashArray":null,"key":-28,"loc":"-1265.952163696289 -138","group":-23,"size":"112 52"},{"Name":"Select room","Type":"<<Operational Goal>>","Annotation":"","figure":"CreateRequest","nodeType":"target","fill":"#c0d9a2","stroke":"#8FBC8F","strokeWidth":2,"font":"  14pt Times New Roman","isUnderline":false,"isStrikethrough":false,"textAlign":"center","strokeDashArray":null,"key":-30,"loc":"-1190 -217","group":-23},{"Name":"payment","Type":"<<Operational Goal>>","Annotation":"","figure":"CreateRequest","nodeType":"target","fill":"#c0d9a2","stroke":"#8FBC8F","strokeWidth":2,"font":"  14pt Times New Roman","isUnderline":false,"isStrikethrough":false,"textAlign":"center","strokeDashArray":null,"key":-31,"loc":"-1080 -217","group":-23},{"Name":"Air ticket booking service","Type":"<<Functional Goal>>","Annotation":"","figure":"Pentagon","nodeType":"target","fill":"#8FBC8F","stroke":"#2E8B57","strokeWidth":2,"font":"  14pt Times New Roman","isUnderline":false,"isStrikethrough":false,"textAlign":"center","strokeDashArray":null,"key":-36,"loc":"-1370 363","group":-5,"Operation":"","Object":"","size":"217 73"},{"Name":"Air ticket order management","Type":"<<Functional Goal>>","Annotation":"","figure":"Pentagon","nodeType":"target","fill":"#8FBC8F","stroke":"#2E8B57","strokeWidth":2,"font":"  14pt Times New Roman","isUnderline":false,"isStrikethrough":false,"textAlign":"center","strokeDashArray":null,"key":-38,"loc":"-1121.0754826863606 370","group":-5,"Operation":"undefined","Object":"undefined","size":"200 68"},{"Name":"Flight service of Fliggy platform","Type":"<<Resource>>","Annotation":"","figure":"ExternalOrganization","nodeType":"serviceValue","fill":"#f4d9ce","stroke":"#CDB7B5","strokeWidth":2,"font":"  14pt Times New Roman","isUnderline":false,"isStrikethrough":false,"textAlign":"center","strokeDashArray":null,"key":-4,"loc":"-1360 -30","size":"259 56"},{"Name":"Provide flight selling service","Type":"<<Functional Goal>>","Annotation":"","figure":"Pentagon","nodeType":"target","fill":"#8FBC8F","stroke":"#2E8B57","strokeWidth":2,"font":"  14pt Times New Roman","isUnderline":false,"isStrikethrough":false,"textAlign":"center","strokeDashArray":null,"key":-40,"loc":"-370 -337","group":-9,"Operation":"undefined","Object":"undefined","size":"220 71.05882352941177"},{"Name":"Flight selection service","Type":"<<Operational Goal>>","Annotation":"","figure":"CreateRequest","nodeType":"target","fill":"#c0d9a2","stroke":"#8FBC8F","strokeWidth":2,"font":"  14pt Times New Roman","isUnderline":false,"isStrikethrough":false,"textAlign":"center","strokeDashArray":null,"key":-41,"loc":"-610 13","group":-9,"size":"130 45"},{"Name":"Flight service","Type":"<<Resource>>","Annotation":"","figure":"ExternalOrganization","nodeType":"serviceValue","fill":"#f4d9ce","stroke":"#CDB7B5","strokeWidth":2,"font":"  14pt Times New Roman","isUnderline":false,"isStrikethrough":false,"textAlign":"center","strokeDashArray":null,"key":-42,"loc":"-1090 -10","size":"182.0923309326172 38"},{"Name":"Provide room reservation","Type":"<<Operational Goal>>","Annotation":"","figure":"CreateRequest","nodeType":"target","fill":"#c0d9a2","stroke":"#8FBC8F","strokeWidth":2,"font":"  14pt Times New Roman","isUnderline":false,"isStrikethrough":false,"textAlign":"center","strokeDashArray":null,"key":-43,"loc":"-340 479","group":-11,"size":"134.66119384765625 56"},{"Name":"Acommodation reservation service of Fliggy","Type":"<<Resource>>","Annotation":"","figure":"ExternalOrganization","nodeType":"serviceValue","fill":"#f4d9ce","stroke":"#CDB7B5","strokeWidth":2,"font":"  14pt Times New Roman","isUnderline":false,"isStrikethrough":false,"textAlign":"center","strokeDashArray":null,"key":-44,"loc":"-740 -530","size":"157 45"},{"Name":"Flight selling management","Type":"<<Functional Goal>>","Annotation":"","figure":"Pentagon","nodeType":"target","fill":"#8FBC8F","stroke":"#2E8B57","strokeWidth":2,"font":"  14pt Times New Roman","isUnderline":false,"isStrikethrough":false,"textAlign":"center","strokeDashArray":null,"key":-45,"loc":"-1241.3613917032878 234","group":-5,"Operation":"undefined","Object":"undefined","size":"222 88"},{"Name":"Provide room selection","Type":"<<Operational Goal>>","Annotation":"","figure":"CreateRequest","nodeType":"target","fill":"#c0d9a2","stroke":"#8FBC8F","strokeWidth":2,"font":"  14pt Times New Roman","isUnderline":false,"isStrikethrough":false,"textAlign":"center","strokeDashArray":null,"key":-66,"loc":"-490 478","group":-11,"size":"133.0877227783203 56"},{"Name":"Flight seat selection service","Type":"<<Operational Goal>>","Annotation":"","figure":"CreateRequest","nodeType":"target","fill":"#c0d9a2","stroke":"#8FBC8F","strokeWidth":2,"font":"  14pt Times New Roman","isUnderline":false,"isStrikethrough":false,"textAlign":"center","strokeDashArray":null,"key":-67,"loc":"-460 13","group":-9,"size":"114 43"},{"Name":"Acommodation reservation service","Type":"<<Resource>>","Annotation":"","figure":"ExternalOrganization","nodeType":"serviceValue","fill":"#f4d9ce","stroke":"#CDB7B5","strokeWidth":2,"font":"  14pt Times New Roman","isUnderline":false,"isStrikethrough":false,"textAlign":"center","strokeDashArray":null,"key":-33,"loc":"-590 100","size":"176 44"},{"Name":"Provide accommodation reservation service","Type":"<<Functional Goal>>","Annotation":"","figure":"Pentagon","nodeType":"target","fill":"#8FBC8F","stroke":"#2E8B57","strokeWidth":2,"font":"  14pt Times New Roman","isUnderline":false,"isStrikethrough":false,"textAlign":"center","strokeDashArray":null,"key":-34,"loc":"-937.5 128.47058823529412","group":-5,"Operation":"undefined","Object":"undefined","size":"340 87"},{"Name":"Provide room selection","Type":"<<Operational Goal>>","Annotation":"","figure":"CreateRequest","nodeType":"target","fill":"#c0d9a2","stroke":"#8FBC8F","strokeWidth":2,"font":"  14pt Times New Roman","isUnderline":false,"isStrikethrough":false,"textAlign":"center","strokeDashArray":null,"key":-35,"loc":"-940 480","group":-5,"size":"136 52"},{"Name":"Provide room reservation","Type":"<<Operational Goal>>","Annotation":"","figure":"CreateRequest","nodeType":"target","fill":"#c0d9a2","stroke":"#8FBC8F","strokeWidth":2,"font":"  14pt Times New Roman","isUnderline":false,"isStrikethrough":false,"textAlign":"center","strokeDashArray":null,"key":-46,"loc":"-780 480","group":-5,"size":"134 59"},{"Name":"Provide flight booking service","Type":"<<Functional Goal>>","Annotation":"","figure":"Pentagon","nodeType":"target","fill":"#8FBC8F","stroke":"#2E8B57","strokeWidth":2,"font":"  14pt Times New Roman","isUnderline":false,"isStrikethrough":false,"textAlign":"center","strokeDashArray":null,"key":-1,"loc":"-1240 113","group":-5,"size":"268 70"},{"Name":"Provide flight service","Type":"<<Functional Goal>>","Annotation":"","figure":"Pentagon","nodeType":"target","fill":"#8FBC8F","stroke":"#2E8B57","strokeWidth":2,"font":"  14pt Times New Roman","isUnderline":false,"isStrikethrough":false,"textAlign":"center","strokeDashArray":null,"key":-47,"loc":"-370 -427","group":-9},{"Name":"Flight selling management","Type":"<<Functional Goal>>","Annotation":"","figure":"Pentagon","nodeType":"target","fill":"#8FBC8F","stroke":"#2E8B57","strokeWidth":2,"font":"  14pt Times New Roman","isUnderline":false,"isStrikethrough":false,"textAlign":"center","strokeDashArray":null,"key":-48,"loc":"-370 -237","group":-9,"Operation":"undefined","Object":"undefined","size":"213 70"},{"Name":"Air ticket selling service","Type":"<<Functional Goal>>","Annotation":"","figure":"Pentagon","nodeType":"target","fill":"#8FBC8F","stroke":"#2E8B57","strokeWidth":2,"font":"  14pt Times New Roman","isUnderline":false,"isStrikethrough":false,"textAlign":"center","strokeDashArray":null,"key":-49,"loc":"-470 -127","group":-9,"Operation":"undefined","Object":"undefined","size":"213 70"},{"Name":"Air ticket order management","Type":"<<Functional Goal>>","Annotation":"","figure":"Pentagon","nodeType":"target","fill":"#8FBC8F","stroke":"#2E8B57","strokeWidth":2,"font":"  14pt Times New Roman","isUnderline":false,"isStrikethrough":false,"textAlign":"center","strokeDashArray":null,"key":-50,"loc":"-260 -117","group":-9,"Operation":"undefined","Object":"undefined","size":"213 70"},{"Name":"Payment service","Type":"<<Operational Goal>>","Annotation":"","figure":"CreateRequest","nodeType":"target","fill":"#c0d9a2","stroke":"#8FBC8F","strokeWidth":2,"font":"  14pt Times New Roman","isUnderline":false,"isStrikethrough":false,"textAlign":"center","strokeDashArray":null,"key":-51,"loc":"-330 13","group":-9,"size":"114 43"},{"Name":"Consumer management","Type":"<<Operational Goal>>","Annotation":"","figure":"CreateRequest","nodeType":"target","fill":"#c0d9a2","stroke":"#8FBC8F","strokeWidth":2,"font":"  14pt Times New Roman","isUnderline":false,"isStrikethrough":false,"textAlign":"center","strokeDashArray":null,"key":-52,"loc":"-190 13","group":-9,"size":"114 43"},{"Name":"Provide accommodation services","Type":"<<Functional Goal>>","Annotation":"","figure":"Pentagon","nodeType":"target","fill":"#8FBC8F","stroke":"#2E8B57","strokeWidth":2,"font":"  14pt Times New Roman","isUnderline":false,"isStrikethrough":false,"textAlign":"center","strokeDashArray":null,"key":-53,"loc":"-340 229","group":-11,"size":"340 81"},{"Name":"Payment service","Type":"<<Operational Goal>>","Annotation":"","figure":"CreateRequest","nodeType":"target","fill":"#c0d9a2","stroke":"#8FBC8F","strokeWidth":2,"font":"  14pt Times New Roman","isUnderline":false,"isStrikethrough":false,"textAlign":"center","strokeDashArray":null,"key":-54,"loc":"-210 479","group":-11,"size":"114 43"},{"Name":"Flight selection service","Type":"<<Operational Goal>>","Annotation":"","figure":"CreateRequest","nodeType":"target","fill":"#c0d9a2","stroke":"#8FBC8F","strokeWidth":2,"font":"  14pt Times New Roman","isUnderline":false,"isStrikethrough":false,"textAlign":"center","strokeDashArray":null,"key":-57,"loc":"-1480 473","group":-5,"size":"130 45"},{"Name":"Flight seat selection service","Type":"<<Operational Goal>>","Annotation":"","figure":"CreateRequest","nodeType":"target","fill":"#c0d9a2","stroke":"#8FBC8F","strokeWidth":2,"font":"  14pt Times New Roman","isUnderline":false,"isStrikethrough":false,"textAlign":"center","strokeDashArray":null,"key":-58,"loc":"-1350 473","group":-5,"size":"114 43"},{"Name":"Payment service","Type":"<<Operational Goal>>","Annotation":"","figure":"CreateRequest","nodeType":"target","fill":"#c0d9a2","stroke":"#8FBC8F","strokeWidth":2,"font":"  14pt Times New Roman","isUnderline":false,"isStrikethrough":false,"textAlign":"center","strokeDashArray":null,"key":-59,"loc":"-1210 473","group":-5,"size":"114 43"},{"Name":"Consumer management","Type":"<<Operational Goal>>","Annotation":"","figure":"CreateRequest","nodeType":"target","fill":"#c0d9a2","stroke":"#8FBC8F","strokeWidth":2,"font":"  14pt Times New Roman","isUnderline":false,"isStrikethrough":false,"textAlign":"center","strokeDashArray":null,"key":-60,"loc":"-1080 477.5","group":-5,"size":"114 52"},{"Name":"Air ticket booking online","Type":"<<Functional Goal>>","Annotation":"","figure":"Pentagon","nodeType":"target","fill":"#8FBC8F","stroke":"#2E8B57","strokeWidth":2,"font":"  14pt Times New Roman","isUnderline":false,"isStrikethrough":false,"textAlign":"center","strokeDashArray":null,"key":-61,"loc":"-1330 -377","group":-23,"Operation":"undefined","Object":"undefined","size":"211 88.05882352941177"},{"Name":"Select hotel","Type":"<<Functional Goal>>","Annotation":"","figure":"Pentagon","nodeType":"target","fill":"#8FBC8F","stroke":"#2E8B57","strokeWidth":2,"font":"  14pt Times New Roman","isUnderline":false,"isStrikethrough":false,"textAlign":"center","strokeDashArray":null,"key":-62,"loc":"-1150 -347","group":-23},{"Name":"Reservation order management","Type":"<<Functional Goal>>","Annotation":"","figure":"Pentagon","nodeType":"target","fill":"#8FBC8F","stroke":"#2E8B57","strokeWidth":2,"font":"  14pt Times New Roman","isUnderline":false,"isStrikethrough":false,"textAlign":"center","strokeDashArray":null,"key":-63,"loc":"-970 -317","group":-23,"size":"237 71"},{"Name":"Travel by air","Type":"<<Functional Goal>>","Annotation":"","figure":"Pentagon","nodeType":"target","fill":"#8FBC8F","stroke":"#2E8B57","strokeWidth":2,"font":"  14pt Times New Roman","isUnderline":false,"isStrikethrough":false,"textAlign":"center","strokeDashArray":null,"key":-64,"loc":"-1330 -477","group":-23},{"Name":"Hotel reservation management","Type":"<<Functional Goal>>","Annotation":"","figure":"Pentagon","nodeType":"target","fill":"#8FBC8F","stroke":"#2E8B57","strokeWidth":2,"font":"  14pt Times New Roman","isUnderline":false,"isStrikethrough":false,"textAlign":"center","strokeDashArray":null,"key":-55,"loc":"-870 360","group":-5,"Operation":"undefined","Object":"undefined","size":"244 84"},{"Name":"Reservation order management","Type":"<<Functional Goal>>","Annotation":"","figure":"Pentagon","nodeType":"target","fill":"#8FBC8F","stroke":"#2E8B57","strokeWidth":2,"font":"  14pt Times New Roman","isUnderline":false,"isStrikethrough":false,"textAlign":"center","strokeDashArray":null,"key":-56,"loc":"-1020 250","group":-5,"Operation":"undefined","Object":"undefined","size":"239 84"}],"linkDataArray":[{"from":-25,"to":-27,"points":[-1330,-229.20937306189563,-1330,-219.20937306189563,-1330,-220,-1330,-220,-1330,-196,-1400,-196,-1400,-172.02089843750002,-1400,-162.02089843750002],"font":"  14pt Times New Roman"},{"from":-25,"to":-28,"points":[-1330,-229.20937306189563,-1330,-219.20937306189563,-1330,-220,-1330,-220,-1330,-196,-1265.952163696289,-196,-1265.952163696289,-182.02089843750002,-1265.952163696289,-172.02089843750002],"font":"  14pt Times New Roman"},{"from":-42,"to":-40,"points":[-998.9538345336914,-18.0208984375,-988.9538345336914,-18.0208984375,-731.3373863220319,-18.0208984375,-731.3373863220319,-345.0208984375,-473.7209381103724,-345.0208984375,-463.7209381103724,-345.0208984375],"font":"  14pt Times New Roman"},{"from":-13,"to":-43,"points":[-340,374.74428983468533,-340,384.74428983468533,-340,384.74428983468533,-340,384.74428983468533,-340,432.9791015625,-340,442.9791015625],"font":"  14pt Times New Roman"},{"from":-26,"to":-44,"points":[-949.0645032683282,-475.0208984375,-939.0645032683282,-475.0208984375,-940,-475.0208984375,-940,-475.0208984375,-828,-475.0208984375,-828,-538.0208984375,-828.5,-538.0208984375,-818.5,-538.0208984375],"font":"  14pt Times New Roman"},{"from":-45,"to":-36,"points":[-1241.3613917032878,261.7668323206227,-1241.3613917032878,271.7668323206227,-1241.3613917032878,271.7668323206227,-1370,271.7668323206227,-1370,308.4791015625,-1370,318.4791015625],"font":"  14pt Times New Roman"},{"from":-45,"to":-38,"points":[-1241.3613917032878,261.7668323206227,-1241.3613917032878,271.7668323206227,-1241.3613917032878,268,-1241.3613917032878,268,-1241.3613917032878,308,-1121.0754826863606,308,-1121.0754826863606,317.9791015625,-1121.0754826863606,327.9791015625],"font":"  14pt Times New Roman"},{"from":-34,"to":-33,"points":[-792.7400133885053,120.44968979779412,-782.7400133885053,120.44968979779412,-780,120.44968979779412,-780,120.44968979779412,-684,120.44968979779412,-684,91.9791015625,-688,91.9791015625,-678,91.9791015625],"font":"  14pt Times New Roman"},{"from":-44,"to":-34,"points":[-740,-515.5208984375,-740,-505.5208984375,-740,-508,-762.2591632031249,-508,-762.2591632031249,-62.53779656250015,-937.5,-62.53779656250015,-937.5,66.94968979779412,-937.5,76.94968979779412],"font":"  14pt Times New Roman"},{"from":-33,"to":-13,"points":[-502,91.97910156249998,-492,91.97910156249998,-492,91.97910156249998,-492,91.97910156249998,-468,91.97910156249998,-468,340.9791015625,-471.4635040883023,340.9791015625,-461.4635040883023,340.9791015625],"font":"  14pt Times New Roman"},{"from":-47,"to":-40,"points":[-370.00000000000006,-414.98520445220714,-370.00000000000006,-404.98520445220714,-370.00000000000006,-397.7677573272065,-370,-397.7677573272065,-370,-390.5503102022059,-370,-380.5503102022059]},{"from":-49,"to":-41,"points":[-470,-106.51432062875182,-470,-96.51432062875182,-470,-96.51432062875182,-610,-96.51432062875182,-610,-27.52089843749991,-610,-17.52089843749991]},{"from":-49,"to":-67,"points":[-470,-106.51432062875182,-470,-96.51432062875182,-470,-61.517609533125864,-460,-61.517609533125864,-460,-26.52089843749991,-460,-16.52089843749991]},{"from":-49,"to":-51,"points":[-470,-106.51432062875182,-470,-96.51432062875182,-470,-61.517609533125864,-330,-61.517609533125864,-330,-26.52089843749991,-330,-16.52089843749991]},{"from":-48,"to":-49,"points":[-370,-216.51432062875182,-370,-206.51432062875182,-370,-204,-370,-204,-370,-180,-470,-180,-470,-180.02089843750002,-470,-170.02089843750002]},{"from":-48,"to":-50,"points":[-370,-216.51432062875182,-370,-206.51432062875182,-370,-204,-370,-204,-370,-180,-260,-180,-260,-170.02089843750002,-260,-160.02089843750002]},{"from":-50,"to":-52,"points":[-260,-96.51432062875182,-260,-86.51432062875182,-260,-84,-260,-84,-260,-60,-190,-60,-190,-26.52089843749991,-190,-16.52089843749991]},{"from":-40,"to":-48,"points":[-370,-316.0860175140827,-370,-306.0860175140827,-370,-298.0534579757914,-370,-298.0534579757914,-370,-290.0208984375,-370,-280.0208984375]},{"from":-53,"to":-13,"points":[-340,253.9352728403104,-340,263.9352728403104,-340,263.9352728403104,-340,263.9352728403104,-340,289.4791015625,-340,299.4791015625]},{"from":-13,"to":-54,"points":[-340,374.74428983468533,-340,384.74428983468533,-340,412.11169569859265,-210,412.11169569859265,-210,439.4791015625,-210,449.4791015625]},{"from":-13,"to":-66,"points":[-340,382.4791015625,-340,392.4791015625,-340,412.2291015625,-490,412.2291015625,-490,431.9791015625,-490,441.9791015625]},{"from":-36,"to":-57,"points":[-1370,384.6992048628106,-1370,394.6992048628106,-1370,396,-1370,396,-1370,420,-1480,420,-1480,432.4791015625,-1480,442.4791015625]},{"from":-36,"to":-58,"points":[-1370,384.6992048628106,-1370,394.6992048628106,-1370,396,-1370,396,-1370,420,-1350,420,-1350,433.4791015625,-1350,443.4791015625]},{"from":-36,"to":-59,"points":[-1370,391.4791015625,-1370,401.4791015625,-1370,404,-1370,404,-1370,420,-1210,420,-1210,433.4791015625,-1210,443.4791015625]},{"from":-38,"to":-60,"points":[-1121.0754826863606,389.67666237687325,-1121.0754826863606,399.67666237687325,-1121.0754826863606,396,-1121.0754826863606,396,-1121.0754826863606,420,-1080,420,-1080,433.4791015625,-1080,443.4791015625]},{"from":-1,"to":-45,"points":[-1240,133.4856793712482,-1240,143.4856793712482,-1240,140,-1240,140,-1240,164,-1241.3613917032878,164,-1241.3613917032878,171.9791015625,-1241.3613917032878,181.9791015625]},{"from":-61,"to":-25,"points":[-1330,-349.20937306189563,-1330,-339.20937306189563,-1330,-329.1298416320508,-1330,-329.1298416320508,-1330,-319.0503102022059,-1330,-309.0503102022059]},{"from":-62,"to":-30,"points":[-1150,-334.9852044522071,-1150,-324.9852044522071,-1150,-324,-1150,-324,-1150,-308,-1190,-308,-1190,-252.02089843750002,-1190,-242.02089843750002]},{"from":-26,"to":-62,"points":[-1040,-454.98520445220714,-1040,-444.98520445220714,-1040,-444,-1040,-444,-1040,-428,-1150,-428,-1150,-389.5503102022059,-1150,-379.5503102022059]},{"from":-26,"to":-63,"points":[-1040,-454.98520445220714,-1040,-444.98520445220714,-1040,-407.75305144485355,-970,-407.75305144485355,-970,-370.5208984375,-970,-360.5208984375]},{"from":-62,"to":-31,"points":[-1150,-334.9852044522071,-1150,-324.9852044522071,-1150,-324,-1150,-324,-1150,-260,-1080,-260,-1080,-252.02089843750002,-1080,-242.02089843750002]},{"from":-64,"to":-61,"points":[-1330,-464.98520445220714,-1330,-454.98520445220714,-1330,-447.0177573272065,-1330,-447.0177573272065,-1330,-439.0503102022059,-1330,-429.0503102022059]},{"from":-4,"to":-36,"points":[-1360,-10.020898437499994,-1360,-0.020898437499994316,-1360,-0.020898437499994316,-1492,-0.020898437499994316,-1492,354.9791015625,-1488.5,354.9791015625,-1478.5,354.9791015625]},{"from":-36,"to":-42,"points":[-1370,318.4791015625,-1370,308.4791015625,-1370,42.117291562499986,-1090,42.117291562499986,-1090,10.979101562499999,-1090,0.9791015624999986]},{"from":-34,"to":-56,"points":[-937.5,155.8329120587294,-937.5,165.8329120587294,-937.5,164,-937.5,164,-937.5,188,-1020,188,-1020,189.9791015625,-1020,199.9791015625]},{"from":-34,"to":-55,"points":[-937.5,155.8329120587294,-937.5,165.8329120587294,-937.5,164,-937.5,164,-937.5,188,-870,188,-870,299.9791015625,-870,309.9791015625]},{"from":-55,"to":-35,"points":[-870,386.14879833187285,-870,396.14879833187285,-870,396,-870,396,-870,420,-940,420,-940,435.9791015625,-940,445.9791015625]},{"from":-55,"to":-46,"points":[-870,386.14879833187285,-870,396.14879833187285,-870,396,-870,396,-870,420,-780,420,-780,432.4791015625,-780,442.4791015625]},{"from":-25,"to":-4,"points":[-1330,-229.20937306189563,-1330,-219.20937306189563,-1330,-220,-1330,-220,-1330,-84,-1360,-84,-1360,-76.0208984375,-1360,-66.0208984375]}]}