{"class":"GraphLinksModel","modelData":{"position":"-770.2000359823537 -62.77671239098839"},"nodeDataArray":[{"Name":"Consumers","Type":"<<Role>>","Annotation":"","figure":"Actor","minSize":{"class":"go.Size","width":20,"height":20},"width":50,"height":70,"nodeType":"serviceValue","fill":"#eac49e","stroke":"#CDAA7D","strokeWidth":2,"font":"10pt Times New Roman","isUnderline":false,"isStrikethrough":false,"textAlign":"center","strokeDashArray":null,"key":-6,"loc":"-410 280"},{"Name":"Travel by air","Type":"<<Goal>>","Annotation":"","figure":"Ellipse","nodeType":"serviceValue","fill":"#b0cdb9","stroke":"#2E8B57","strokeWidth":2,"font":"10pt Times New Roman","isUnderline":false,"isStrikethrough":false,"textAlign":"center","strokeDashArray":null,"key":-5,"loc":"-410 180","size":"125 45.51162790697675"},{"Name":"Air tickets order","Type":"<<Value object>>","Annotation":"","figure":"RoundedRectangle","nodeType":"serviceValue","fill":"#f4e4d0","stroke":"#CDAA7D","strokeWidth":2,"font":"10pt Times New Roman","isUnderline":false,"isStrikethrough":false,"textAlign":"center","strokeDashArray":null,"key":-2,"loc":"-130 180","size":"100 39.52284749830794"},{"Name":"Booking air tickets","Type":"<<Value activity>>","Annotation":"","figure":"Card","nodeType":"serviceValue","fill":"#fad7a7","stroke":"#DAA520","strokeWidth":2,"font":"10pt Times New Roman","isUnderline":false,"isStrikethrough":false,"textAlign":"center","strokeDashArray":null,"key":-1,"loc":"-270 180"},{"Name":"Order management","Type":"<<Value activity>>","Annotation":"","figure":"Card","nodeType":"serviceValue","fill":"#fad7a7","stroke":"#DAA520","strokeWidth":2,"font":"10pt Times New Roman","isUnderline":false,"isStrikethrough":false,"textAlign":"center","strokeDashArray":null,"key":-9,"loc":"-90 430"},{"Name":"Orders","Type":"<<Value object>>","Annotation":"","figure":"RoundedRectangle","nodeType":"serviceValue","fill":"#f4e4d0","stroke":"#CDAA7D","strokeWidth":2,"font":"10pt Times New Roman","isUnderline":false,"isStrikethrough":false,"textAlign":"center","strokeDashArray":null,"key":-10,"loc":"-90 330"},{"Name":"Fliggy platform","Type":"<<Role>>","Annotation":"","figure":"Actor","minSize":{"class":"go.Size","width":20,"height":20},"width":50,"height":70,"nodeType":"serviceValue","fill":"#eac49e","stroke":"#CDAA7D","strokeWidth":2,"font":"10pt Times New Roman","isUnderline":false,"isStrikethrough":false,"textAlign":"center","strokeDashArray":null,"key":-11,"loc":"40 430","size":"90 78.88888888888889"},{"Name":"Airlines","Type":"<<Role>>","Annotation":"","figure":"Actor","minSize":{"class":"go.Size","width":20,"height":20},"width":50,"height":70,"nodeType":"serviceValue","fill":"#eac49e","stroke":"#CDAA7D","strokeWidth":2,"font":"10pt Times New Roman","isUnderline":false,"isStrikethrough":false,"textAlign":"center","strokeDashArray":null,"key":-13,"loc":"310 270"},{"Name":"Provide travel services","Type":"<<Goal>>","Annotation":"","figure":"Ellipse","nodeType":"serviceValue","fill":"#b0cdb9","stroke":"#2E8B57","strokeWidth":2,"font":"10pt Times New Roman","isUnderline":false,"isStrikethrough":false,"textAlign":"center","strokeDashArray":null,"key":-19,"loc":"190 380","size":"141 54"},{"Name":"Provide air tickets booking service","Type":"<<Value activity>>","Annotation":"","figure":"Card","nodeType":"serviceValue","fill":"#fad7a7","stroke":"#DAA520","strokeWidth":2,"font":"10pt Times New Roman","isUnderline":false,"isStrikethrough":false,"textAlign":"center","strokeDashArray":null,"key":-20,"loc":"40 290","size":"132 42"},{"Name":"Air tickets booking","Type":"<<Service>>","Annotation":"","figure":"InternalStorage","nodeType":"serviceValue","fill":"#e2c0c1","stroke":"#BC8F8F","strokeWidth":2,"font":"10pt Times New Roman","isUnderline":false,"isStrikethrough":false,"textAlign":"center","strokeDashArray":null,"key":-21,"loc":"40 180"},{"Name":"Air ticket selling","Type":"<<Value activity>>","Annotation":"","figure":"Card","nodeType":"serviceValue","fill":"#fad7a7","stroke":"#DAA520","strokeWidth":2,"font":"10pt Times New Roman","isUnderline":false,"isStrikethrough":false,"textAlign":"center","strokeDashArray":null,"key":-22,"loc":"310 430"},{"Name":"Air tickets","Type":"<<Value object>>","Annotation":"","figure":"RoundedRectangle","nodeType":"serviceValue","fill":"#f4e4d0","stroke":"#CDAA7D","strokeWidth":2,"font":"10pt Times New Roman","isUnderline":false,"isStrikethrough":false,"textAlign":"center","strokeDashArray":null,"key":-23,"loc":"310 520"},{"Name":"Provide air travel service","Type":"<<Goal>>","Annotation":"","figure":"Ellipse","nodeType":"serviceValue","fill":"#b0cdb9","stroke":"#2E8B57","strokeWidth":2,"font":"10pt Times New Roman","isUnderline":false,"isStrikethrough":false,"textAlign":"center","strokeDashArray":null,"key":-24,"loc":"310 180","size":"140 48.51162790697675"},{"Name":"Air ticket orders","Type":"<<Resource>>","Annotation":"","figure":"ExternalOrganization","nodeType":"serviceValue","fill":"#f4d9ce","stroke":"#CDB7B5","strokeWidth":2,"font":"10pt Times New Roman","isUnderline":false,"isStrikethrough":false,"textAlign":"center","strokeDashArray":null,"key":-3,"loc":"200 290"},{"Name":"Hotel reservation after flight booking","Type":"<<Goal>>","Annotation":"","figure":"Ellipse","nodeType":"serviceValue","fill":"#b0cdb9","stroke":"#2E8B57","strokeWidth":2,"font":"10pt Times New Roman","isUnderline":false,"isStrikethrough":false,"textAlign":"center","strokeDashArray":null,"key":-16,"loc":"-410 410","size":"174 48.51162790697675"},{"Name":"Hotel reservation","Type":"<<Value activity>>","Annotation":"","figure":"Card","nodeType":"serviceValue","fill":"#fad7a7","stroke":"#DAA520","strokeWidth":2,"font":"10pt Times New Roman","isUnderline":false,"isStrikethrough":false,"textAlign":"center","strokeDashArray":null,"key":-17,"loc":"-240 270"},{"Name":"Hotel reservation orders","Type":"<<Value object>>","Annotation":"","figure":"RoundedRectangle","nodeType":"serviceValue","fill":"#f4e4d0","stroke":"#CDAA7D","strokeWidth":2,"font":"10pt Times New Roman","isUnderline":false,"isStrikethrough":false,"textAlign":"center","strokeDashArray":null,"key":-18,"loc":"-240 350"},{"Name":"Accommodation service","Type":"<<Service>>","Annotation":"","figure":"InternalStorage","nodeType":"serviceValue","fill":"#e2c0c1","stroke":"#BC8F8F","strokeWidth":2,"font":"10pt Times New Roman","isUnderline":false,"isStrikethrough":false,"textAlign":"center","strokeDashArray":null,"key":-4,"loc":"-240 430"},{"Name":"Provide accommodation","Type":"<<Value activity>>","Annotation":"","figure":"Card","nodeType":"serviceValue","fill":"#fad7a7","stroke":"#DAA520","strokeWidth":2,"font":"10pt Times New Roman","isUnderline":false,"isStrikethrough":false,"textAlign":"center","strokeDashArray":null,"key":-25,"loc":"-40 530"},{"Name":"Rooms","Type":"<<Value object>>","Annotation":"","figure":"RoundedRectangle","nodeType":"serviceValue","fill":"#f4e4d0","stroke":"#CDAA7D","strokeWidth":2,"font":"10pt Times New Roman","isUnderline":false,"isStrikethrough":false,"textAlign":"center","strokeDashArray":null,"key":-26,"loc":"110 530"},{"Name":"Provide accomodation service","Type":"<<Goal>>","Annotation":"","figure":"Ellipse","nodeType":"serviceValue","fill":"#b0cdb9","stroke":"#2E8B57","strokeWidth":2,"font":"10pt Times New Roman","isUnderline":false,"isStrikethrough":false,"textAlign":"center","strokeDashArray":null,"key":-27,"loc":"-400 530","size":"181 48.51162790697675"},{"Name":"Provide hotel reservation service","Type":"<<Goal>>","Annotation":"","figure":"Ellipse","nodeType":"serviceValue","fill":"#b0cdb9","stroke":"#2E8B57","strokeWidth":2,"font":"10pt Times New Roman","isUnderline":false,"isStrikethrough":false,"textAlign":"center","strokeDashArray":null,"key":-28,"loc":"190 470","size":"155 48.51162790697675"},{"Name":"Hotels","Type":"<<Role>>","Annotation":"","figure":"Actor","minSize":{"class":"go.Size","width":20,"height":20},"width":50,"height":70,"nodeType":"serviceValue","fill":"#eac49e","stroke":"#CDAA7D","strokeWidth":2,"font":"10pt Times New Roman","isUnderline":false,"isStrikethrough":false,"textAlign":"center","strokeDashArray":null,"key":-29,"loc":"-230 530"}],"linkDataArray":[{"from":-6,"to":-1,"points":[-357.3458836873372,271.9791015625,-347.3458836873372,271.9791015625,-340.03277460734046,271.9791015625,-340.03277460734046,171.9791015625,-332.71966552734375,171.9791015625,-322.71966552734375,171.9791015625]},{"from":-1,"to":-2,"points":[-217.28033447265625,171.9791015625,-207.28033447265625,171.9791015625,-198.64016723632812,171.9791015625,-198.64016723632812,171.9791015625,-190,171.9791015625,-180,171.9791015625]},{"from":-6,"to":-5,"points":[-410,246.53465711805555,-410,236.53465711805555,-410,220.63478631702196,-410,220.63478631702196,-410,204.73491551598838,-410,194.73491551598838]},{"from":-11,"to":-9,"points":[-5,421.97910156250003,-15,421.97910156250003,-20.870037078857422,421.97910156250003,-20.870037078857422,421.9791015625,-26.740074157714844,421.9791015625,-36.740074157714844,421.9791015625]},{"from":-9,"to":-10,"points":[-90,400.9791015625,-90,390.9791015625,-90,371.359813437077,-90,371.359813437077,-90,351.740525311654,-90,341.740525311654]},{"from":-11,"to":-19,"points":[85,421.97910156250003,95,421.97910156250003,102.25,421.97910156250003,102.25,371.9791015625,109.5,371.9791015625,119.5,371.9791015625]},{"from":-11,"to":-20,"points":[40.00000000000001,382.5346571180556,40.00000000000001,372.5346571180556,40.00000000000001,342.7568793402778,40,342.7568793402778,40,312.9791015625,40,302.9791015625]},{"from":-2,"to":-21,"points":[-79.99999999999999,171.9791015625,-69.99999999999999,171.9791015625,-46.73083496093749,171.9791015625,-46.73083496093749,171.9791015625,-23.461669921875,171.9791015625,-13.461669921875,171.9791015625]},{"from":-21,"to":-20,"points":[40,188.9791015625,40,198.9791015625,40,224.97910156249998,40,224.97910156249998,40,250.97910156249998,40,260.9791015625]},{"from":-13,"to":-24,"points":[310,236.53465711805555,310,226.53465711805555,310,216.38478631702196,310,216.38478631702196,310,206.23491551598838,310,196.23491551598838]},{"from":-13,"to":-22,"points":[309,261.9791015625,309,271.9791015625,309,331.4791015625,310,331.4791015625,310,390.9791015625,310,400.9791015625]},{"from":-22,"to":-23,"points":[310,442.9791015625,310,452.9791015625,310,467.59838968792303,310,467.59838968792303,310,482.21767781334603,310,492.21767781334603]},{"from":-20,"to":-3,"points":[106,281.9791015625,116,281.9791015625,130.16141891479492,281.9791015625,130.16141891479492,281.9791015625,144.32283782958984,281.9791015625,154.32283782958984,281.9791015625]},{"from":-6,"to":-17,"points":[-357.3458836873372,271.9791015625,-347.3458836873372,271.9791015625,-322.71402613321936,271.9791015625,-322.71402613321936,261.9791015625,-298.08216857910156,261.9791015625,-288.08216857910156,261.9791015625]},{"from":-11,"to":-28,"points":[85,421.97910156250003,95,421.97910156250003,98.75,421.97910156250003,98.75,461.9791015625,102.5,461.9791015625,112.5,461.9791015625]},{"from":-17,"to":-18,"points":[-240,282.9791015625,-240,292.9791015625,-240,302.59838968792303,-240,302.59838968792303,-240,312.21767781334603,-240,322.21767781334603]},{"from":-18,"to":-4,"points":[-240,361.740525311654,-240,371.740525311654,-240,383.359813437077,-240,383.359813437077,-240,394.9791015625,-240,404.9791015625]},{"from":-4,"to":-25,"points":[-240,438.9791015625,-240,448.9791015625,-240,469.9791015625,-40,469.9791015625,-40,490.9791015625,-40,500.9791015625]},{"from":-29,"to":-25,"points":[-198.33128356933594,521.9791015625,-188.33128356933594,521.9791015625,-152.64934921264648,521.9791015625,-152.64934921264648,521.9791015625,-116.96741485595703,521.9791015625,-106.96741485595703,521.9791015625]},{"from":-29,"to":-27,"points":[-261.66871643066406,521.9791015625,-271.66871643066406,521.9791015625,-285.58435821533203,521.9791015625,-285.58435821533203,521.9791015625,-299.5,521.9791015625,-309.5,521.9791015625]},{"from":-6,"to":-16,"points":[-410,280.31243489583335,-410,290.31243489583335,-410,329.0178612524225,-410,329.0178612524225,-410,367.72328760901166,-410,377.72328760901166]},{"from":-25,"to":-26,"points":[26.96741485595703,521.9791015625,36.96741485595703,521.9791015625,56.6587511686359,521.9791015625,56.6587511686359,521.9791015625,76.35008748131477,521.9791015625,86.35008748131477,521.9791015625]},{"from":-3,"to":-22,"points":[200,298.9791015625,200,308.9791015625,200,308.9791015625,252,308.9791015625,252,316,310,316,310,390.9791015625,310,400.9791015625]}]}