{"class":"GraphLinksModel","modelData":{"position":"-489.0467168586298 -59.40643598747624"},"nodeDataArray":[{"Name":"Consumers","Type":"<<Role>>","Annotation":"","figure":"Actor","minSize":{"class":"go.Size","width":20,"height":20},"width":50,"height":70,"nodeType":"serviceValue","fill":"#eac49e","stroke":"#CDAA7D","strokeWidth":2,"font":"10pt Times New Roman","isUnderline":false,"isStrikethrough":false,"textAlign":"center","strokeDashArray":null,"key":-6,"loc":"-270 290"},{"Name":"Travel by air","Type":"<<Goal>>","Annotation":"","figure":"Ellipse","nodeType":"serviceValue","fill":"#b0cdb9","stroke":"#2E8B57","strokeWidth":2,"font":"10pt Times New Roman","isUnderline":false,"isStrikethrough":false,"textAlign":"center","strokeDashArray":null,"key":-5,"loc":"-270 380","size":"125 45.51162790697675"},{"Name":"Air tickets order","Type":"<<Value object>>","Annotation":"","figure":"RoundedRectangle","nodeType":"serviceValue","fill":"#f4e4d0","stroke":"#CDAA7D","strokeWidth":2,"font":"10pt Times New Roman","isUnderline":false,"isStrikethrough":false,"textAlign":"center","strokeDashArray":null,"key":-2,"loc":"-130 180","size":"100 39.52284749830794"},{"Name":"Booking air tickets","Type":"<<Value activity>>","Annotation":"","figure":"Card","nodeType":"serviceValue","fill":"#fad7a7","stroke":"#DAA520","strokeWidth":2,"font":"10pt Times New Roman","isUnderline":false,"isStrikethrough":false,"textAlign":"center","strokeDashArray":null,"key":-1,"loc":"-270 180"},{"Name":"Order management","Type":"<<Value activity>>","Annotation":"","figure":"Card","nodeType":"serviceValue","fill":"#fad7a7","stroke":"#DAA520","strokeWidth":2,"font":"10pt Times New Roman","isUnderline":false,"isStrikethrough":false,"textAlign":"center","strokeDashArray":null,"key":-9,"loc":"-90 450"},{"Name":"Orders","Type":"<<Value object>>","Annotation":"","figure":"RoundedRectangle","nodeType":"serviceValue","fill":"#f4e4d0","stroke":"#CDAA7D","strokeWidth":2,"font":"10pt Times New Roman","isUnderline":false,"isStrikethrough":false,"textAlign":"center","strokeDashArray":null,"key":-10,"loc":"-270 450"},{"Name":"Fliggy platform","Type":"<<Role>>","Annotation":"","figure":"Actor","minSize":{"class":"go.Size","width":20,"height":20},"width":50,"height":70,"nodeType":"serviceValue","fill":"#eac49e","stroke":"#CDAA7D","strokeWidth":2,"font":"10pt Times New Roman","isUnderline":false,"isStrikethrough":false,"textAlign":"center","strokeDashArray":null,"key":-11,"loc":"40 450","size":"90 78.88888888888889"},{"Name":"Airlines","Type":"<<Role>>","Annotation":"","figure":"Actor","minSize":{"class":"go.Size","width":20,"height":20},"width":50,"height":70,"nodeType":"serviceValue","fill":"#eac49e","stroke":"#CDAA7D","strokeWidth":2,"font":"10pt Times New Roman","isUnderline":false,"isStrikethrough":false,"textAlign":"center","strokeDashArray":null,"key":-13,"loc":"350 190"},{"Name":"Provide travel services","Type":"<<Goal>>","Annotation":"","figure":"Ellipse","nodeType":"serviceValue","fill":"#b0cdb9","stroke":"#2E8B57","strokeWidth":2,"font":"10pt Times New Roman","isUnderline":false,"isStrikethrough":false,"textAlign":"center","strokeDashArray":null,"key":-19,"loc":"230 450","size":"141 54"},{"Name":"Provide air tickets booking service","Type":"<<Value activity>>","Annotation":"","figure":"Card","nodeType":"serviceValue","fill":"#fad7a7","stroke":"#DAA520","strokeWidth":2,"font":"10pt Times New Roman","isUnderline":false,"isStrikethrough":false,"textAlign":"center","strokeDashArray":null,"key":-20,"loc":"40 290"},{"Name":"Air tickets booking","Type":"<<Service>>","Annotation":"","figure":"InternalStorage","nodeType":"serviceValue","fill":"#e2c0c1","stroke":"#BC8F8F","strokeWidth":2,"font":"10pt Times New Roman","isUnderline":false,"isStrikethrough":false,"textAlign":"center","strokeDashArray":null,"key":-21,"loc":"40 180"},{"Name":"Air ticket selling","Type":"<<Value activity>>","Annotation":"","figure":"Card","nodeType":"serviceValue","fill":"#fad7a7","stroke":"#DAA520","strokeWidth":2,"font":"10pt Times New Roman","isUnderline":false,"isStrikethrough":false,"textAlign":"center","strokeDashArray":null,"key":-22,"loc":"350 290"},{"Name":"Air tickets","Type":"<<Value object>>","Annotation":"","figure":"RoundedRectangle","nodeType":"serviceValue","fill":"#f4e4d0","stroke":"#CDAA7D","strokeWidth":2,"font":"10pt Times New Roman","isUnderline":false,"isStrikethrough":false,"textAlign":"center","strokeDashArray":null,"key":-23,"loc":"350 370"},{"Name":"Provide air travel service","Type":"<<Goal>>","Annotation":"","figure":"Ellipse","nodeType":"serviceValue","fill":"#b0cdb9","stroke":"#2E8B57","strokeWidth":2,"font":"10pt Times New Roman","isUnderline":false,"isStrikethrough":false,"textAlign":"center","strokeDashArray":null,"key":-24,"loc":"190 190","size":"140 48.51162790697675"},{"Name":"Air ticket orders","Type":"<<Resource>>","Annotation":"","figure":"ExternalOrganization","nodeType":"serviceValue","fill":"#f4d9ce","stroke":"#CDB7B5","strokeWidth":2,"font":"10pt Times New Roman","isUnderline":false,"isStrikethrough":false,"textAlign":"center","strokeDashArray":null,"key":-3,"loc":"220 290"}],"linkDataArray":[{"from":-6,"to":-1,"points":[-270,256.5346571180556,-270,246.53465711805558,-270,246.53465711805558,-270,246.53465711805558,-270,202.9791015625,-270,192.9791015625]},{"from":-1,"to":-2,"points":[-217.28033447265625,171.9791015625,-207.28033447265625,171.9791015625,-198.64016723632812,171.9791015625,-198.64016723632812,171.9791015625,-190,171.9791015625,-180,171.9791015625]},{"from":-6,"to":-5,"points":[-270,290.3124348958334,-270,300.3124348958334,-270,300.3124348958334,-270,300.3124348958334,-270,339.2232876090116,-270,349.2232876090116]},{"from":-11,"to":-9,"points":[-5,441.97910156250003,-15,441.97910156250003,-20.870037078857422,441.97910156250003,-20.870037078857422,441.9791015625,-26.740074157714844,441.9791015625,-36.740074157714844,441.9791015625]},{"from":-9,"to":-10,"points":[-143.25992584228516,441.9791015625,-153.25992584228516,441.9791015625,-195.18089167156558,441.9791015625,-195.18089167156558,441.9791015625,-237.101857500846,441.9791015625,-247.101857500846,441.9791015625]},{"from":-11,"to":-19,"points":[85,441.97910156250003,95,441.97910156250003,122.25,441.97910156250003,122.25,441.9791015625,149.5,441.9791015625,159.5,441.9791015625]},{"from":-11,"to":-20,"points":[40.00000000000001,402.5346571180556,40.00000000000001,392.5346571180556,40.00000000000001,352.7568793402778,40,352.7568793402778,40,312.9791015625,40,302.9791015625]},{"from":-2,"to":-21,"points":[-79.99999999999999,171.9791015625,-69.99999999999999,171.9791015625,-46.73083496093749,171.9791015625,-46.73083496093749,171.9791015625,-23.461669921875,171.9791015625,-13.461669921875,171.9791015625]},{"from":-21,"to":-20,"points":[40,188.9791015625,40,198.9791015625,40,224.97910156249998,40,224.97910156249998,40,250.97910156249998,40,260.9791015625]},{"from":-13,"to":-24,"points":[311.54589080810547,181.97910156249998,301.54589080810547,181.97910156249998,285.77294540405273,181.97910156249998,285.77294540405273,181.9791015625,270,181.9791015625,260,181.9791015625]},{"from":-13,"to":-22,"points":[349,181.97910156249998,349,191.97910156249998,349,221.47910156249998,350,221.47910156249998,350,250.97910156249998,350,260.9791015625]},{"from":-22,"to":-23,"points":[350,302.9791015625,350,312.9791015625,350,322.59838968792303,350,322.59838968792303,350,332.21767781334603,350,342.21767781334603]},{"from":-3,"to":-22,"points":[265.67716217041016,281.9791015625,275.67716217041016,281.9791015625,284.4418716430664,281.9791015625,284.4418716430664,281.9791015625,293.20658111572266,281.9791015625,303.20658111572266,281.9791015625]},{"from":-20,"to":-3,"points":[134.5450897216797,281.9791015625,144.5450897216797,281.9791015625,154.43396377563477,281.9791015625,154.43396377563477,281.9791015625,164.32283782958984,281.9791015625,174.32283782958984,281.9791015625]}]}