{"class":"GraphLinksModel","modelData":{"position":"-1643.238576250846 -539.880970706731"},"nodeDataArray":[{"Name":"Fliggy platform","Type":"<<Actor Boundary>>","minSize":{"class":"go.Size","width":20,"height":20},"fill":"#ffffff","isGroup":true,"category":"OfNodes","stroke":"gray","strokeWidth":2,"font":"  14pt Times New Roman","isUnderline":false,"isStrikethrough":false,"textAlign":"center","strokeDashArray":null,"key":-5,"Annotation":"undefined"},{"Name":"Airlines","Type":"<<Actor Boundary>>","minSize":{"class":"go.Size","width":20,"height":20},"fill":"#ffffff","isGroup":true,"category":"OfNodes","stroke":"gray","strokeWidth":2,"font":"  14pt Times New Roman","isUnderline":false,"isStrikethrough":false,"textAlign":"center","strokeDashArray":null,"key":-9,"Annotation":""},{"Name":"Consumers","Type":"<<Actor Boundary>>","minSize":{"class":"go.Size","width":20,"height":20},"fill":"#ffffff","isGroup":true,"category":"OfNodes","stroke":"gray","strokeWidth":2,"font":"  14pt Times New Roman","isUnderline":false,"isStrikethrough":false,"textAlign":"center","strokeDashArray":null,"key":-23,"Annotation":"undefined"},{"Name":"Air ticket order management","Type":"<<Functional Goal>>","Annotation":"","figure":"Pentagon","nodeType":"target","fill":"#8FBC8F","stroke":"#2E8B57","strokeWidth":2,"font":"  14pt Times New Roman","isUnderline":false,"isStrikethrough":false,"textAlign":"center","strokeDashArray":null,"key":-25,"loc":"-830 -237","group":-23,"Operation":"undefined","Object":"undefined","size":"211 88.05882352941177"},{"Name":"Select flight","Type":"<<Operational Goal>>","Annotation":"","figure":"CreateRequest","nodeType":"target","fill":"#c0d9a2","stroke":"#8FBC8F","strokeWidth":2,"font":"  14pt Times New Roman","isUnderline":false,"isStrikethrough":false,"textAlign":"center","strokeDashArray":null,"key":-27,"loc":"-931.5 -117.00000000000003","group":-23,"size":"157.68496704101562 34"},{"Name":"Air ticket payment","Type":"<<Operational Goal>>","Annotation":"","figure":"CreateRequest","nodeType":"target","fill":"#c0d9a2","stroke":"#8FBC8F","strokeWidth":2,"font":"  14pt Times New Roman","isUnderline":false,"isStrikethrough":false,"textAlign":"center","strokeDashArray":null,"key":-28,"loc":"-721.4521636962891 -113.50000000000003","group":-23,"size":"201 43"},{"Name":"Air ticket booking service","Type":"<<Functional Goal>>","Annotation":"","figure":"Pentagon","nodeType":"target","fill":"#8FBC8F","stroke":"#2E8B57","strokeWidth":2,"font":"  14pt Times New Roman","isUnderline":false,"isStrikethrough":false,"textAlign":"center","strokeDashArray":null,"key":-36,"loc":"-200 -10","group":-5,"Operation":"","Object":"","size":"217 73"},{"Name":"Air ticket order management","Type":"<<Functional Goal>>","Annotation":"","figure":"Pentagon","nodeType":"target","fill":"#8FBC8F","stroke":"#2E8B57","strokeWidth":2,"font":"  14pt Times New Roman","isUnderline":false,"isStrikethrough":false,"textAlign":"center","strokeDashArray":null,"key":-38,"loc":"100 63","group":-5,"Operation":"undefined","Object":"undefined","size":"200 68"},{"Name":"Flight service of Fliggy platform","Type":"<<Resource>>","Annotation":"","figure":"ExternalOrganization","nodeType":"serviceValue","fill":"#f4d9ce","stroke":"#CDB7B5","strokeWidth":2,"font":"  14pt Times New Roman","isUnderline":false,"isStrikethrough":false,"textAlign":"center","strokeDashArray":null,"key":-4,"loc":"-200 -450","size":"259 56"},{"Name":"Provide flight selling service","Type":"<<Functional Goal>>","Annotation":"","figure":"Pentagon","nodeType":"target","fill":"#8FBC8F","stroke":"#2E8B57","strokeWidth":2,"font":"  14pt Times New Roman","isUnderline":false,"isStrikethrough":false,"textAlign":"center","strokeDashArray":null,"key":-40,"loc":"-710 143","group":-9,"Operation":"undefined","Object":"undefined","size":"220 71.05882352941177"},{"Name":"Flight selection service","Type":"<<Operational Goal>>","Annotation":"","figure":"CreateRequest","nodeType":"target","fill":"#c0d9a2","stroke":"#8FBC8F","strokeWidth":2,"font":"  14pt Times New Roman","isUnderline":false,"isStrikethrough":false,"textAlign":"center","strokeDashArray":null,"key":-41,"loc":"-950 493","group":-9,"size":"130 45"},{"Name":"Flight service","Type":"<<Resource>>","Annotation":"","figure":"ExternalOrganization","nodeType":"serviceValue","fill":"#f4d9ce","stroke":"#CDB7B5","strokeWidth":2,"font":"  14pt Times New Roman","isUnderline":false,"isStrikethrough":false,"textAlign":"center","strokeDashArray":null,"key":-42,"loc":"-200 340","size":"182.0923309326172 38"},{"Name":"Flight selling management","Type":"<<Functional Goal>>","Annotation":"","figure":"Pentagon","nodeType":"target","fill":"#8FBC8F","stroke":"#2E8B57","strokeWidth":2,"font":"  14pt Times New Roman","isUnderline":false,"isStrikethrough":false,"textAlign":"center","strokeDashArray":null,"key":-45,"loc":"-70 -170","group":-5,"Operation":"undefined","Object":"undefined","size":"222 88"},{"Name":"Flight seat selection service","Type":"<<Operational Goal>>","Annotation":"","figure":"CreateRequest","nodeType":"target","fill":"#c0d9a2","stroke":"#8FBC8F","strokeWidth":2,"font":"  14pt Times New Roman","isUnderline":false,"isStrikethrough":false,"textAlign":"center","strokeDashArray":null,"key":-67,"loc":"-800 493","group":-9,"size":"114 43"},{"Name":"Provide flight booking service","Type":"<<Functional Goal>>","Annotation":"","figure":"Pentagon","nodeType":"target","fill":"#8FBC8F","stroke":"#2E8B57","strokeWidth":2,"font":"  14pt Times New Roman","isUnderline":false,"isStrikethrough":false,"textAlign":"center","strokeDashArray":null,"key":-1,"loc":"-70 -300","group":-5,"size":"268 70"},{"Name":"Provide flight service","Type":"<<Functional Goal>>","Annotation":"","figure":"Pentagon","nodeType":"target","fill":"#8FBC8F","stroke":"#2E8B57","strokeWidth":2,"font":"  14pt Times New Roman","isUnderline":false,"isStrikethrough":false,"textAlign":"center","strokeDashArray":null,"key":-47,"loc":"-710 30","group":-9},{"Name":"Flight selling management","Type":"<<Functional Goal>>","Annotation":"","figure":"Pentagon","nodeType":"target","fill":"#8FBC8F","stroke":"#2E8B57","strokeWidth":2,"font":"  14pt Times New Roman","isUnderline":false,"isStrikethrough":false,"textAlign":"center","strokeDashArray":null,"key":-48,"loc":"-710 243","group":-9,"Operation":"undefined","Object":"undefined","size":"213 70"},{"Name":"Air ticket selling service","Type":"<<Functional Goal>>","Annotation":"","figure":"Pentagon","nodeType":"target","fill":"#8FBC8F","stroke":"#2E8B57","strokeWidth":2,"font":"  14pt Times New Roman","isUnderline":false,"isStrikethrough":false,"textAlign":"center","strokeDashArray":null,"key":-49,"loc":"-810 353","group":-9,"Operation":"undefined","Object":"undefined","size":"213 70"},{"Name":"Air ticket order management","Type":"<<Functional Goal>>","Annotation":"","figure":"Pentagon","nodeType":"target","fill":"#8FBC8F","stroke":"#2E8B57","strokeWidth":2,"font":"  14pt Times New Roman","isUnderline":false,"isStrikethrough":false,"textAlign":"center","strokeDashArray":null,"key":-50,"loc":"-600 363","group":-9,"Operation":"undefined","Object":"undefined","size":"213 70"},{"Name":"Payment service","Type":"<<Operational Goal>>","Annotation":"","figure":"CreateRequest","nodeType":"target","fill":"#c0d9a2","stroke":"#8FBC8F","strokeWidth":2,"font":"  14pt Times New Roman","isUnderline":false,"isStrikethrough":false,"textAlign":"center","strokeDashArray":null,"key":-51,"loc":"-670 493","group":-9,"size":"114 43"},{"Name":"Consumer management","Type":"<<Operational Goal>>","Annotation":"","figure":"CreateRequest","nodeType":"target","fill":"#c0d9a2","stroke":"#8FBC8F","strokeWidth":2,"font":"  14pt Times New Roman","isUnderline":false,"isStrikethrough":false,"textAlign":"center","strokeDashArray":null,"key":-52,"loc":"-530 493","group":-9,"size":"114 43"},{"Name":"Flight selection service","Type":"<<Operational Goal>>","Annotation":"","figure":"CreateRequest","nodeType":"target","fill":"#c0d9a2","stroke":"#8FBC8F","strokeWidth":2,"font":"  14pt Times New Roman","isUnderline":false,"isStrikethrough":false,"textAlign":"center","strokeDashArray":null,"key":-57,"loc":"-310 200","group":-5,"size":"130 45"},{"Name":"Flight seat selection service","Type":"<<Operational Goal>>","Annotation":"","figure":"CreateRequest","nodeType":"target","fill":"#c0d9a2","stroke":"#8FBC8F","strokeWidth":2,"font":"  14pt Times New Roman","isUnderline":false,"isStrikethrough":false,"textAlign":"center","strokeDashArray":null,"key":-58,"loc":"-150 200","group":-5,"size":"114 43"},{"Name":"Payment service","Type":"<<Operational Goal>>","Annotation":"","figure":"CreateRequest","nodeType":"target","fill":"#c0d9a2","stroke":"#8FBC8F","strokeWidth":2,"font":"  14pt Times New Roman","isUnderline":false,"isStrikethrough":false,"textAlign":"center","strokeDashArray":null,"key":-59,"loc":"-10 200","group":-5,"size":"114 43"},{"Name":"Consumer management","Type":"<<Operational Goal>>","Annotation":"","figure":"CreateRequest","nodeType":"target","fill":"#c0d9a2","stroke":"#8FBC8F","strokeWidth":2,"font":"  14pt Times New Roman","isUnderline":false,"isStrikethrough":false,"textAlign":"center","strokeDashArray":null,"key":-60,"loc":"110 200","group":-5,"size":"114 52"},{"Name":"Air ticket booking online","Type":"<<Functional Goal>>","Annotation":"","figure":"Pentagon","nodeType":"target","fill":"#8FBC8F","stroke":"#2E8B57","strokeWidth":2,"font":"  14pt Times New Roman","isUnderline":false,"isStrikethrough":false,"textAlign":"center","strokeDashArray":null,"key":-61,"loc":"-830 -357","group":-23,"Operation":"undefined","Object":"undefined","size":"211 88.05882352941177"},{"Name":"Travel by air","Type":"<<Functional Goal>>","Annotation":"","figure":"Pentagon","nodeType":"target","fill":"#8FBC8F","stroke":"#2E8B57","strokeWidth":2,"font":"  14pt Times New Roman","isUnderline":false,"isStrikethrough":false,"textAlign":"center","strokeDashArray":null,"key":-64,"loc":"-830 -457","group":-23}],"linkDataArray":[{"from":-25,"to":-27,"points":[-830,-209.20937306189563,-830,-199.20937306189563,-830,-196,-830,-196,-830,-172,-931.5,-172,-931.5,-152.02089843750002,-931.5,-142.02089843750002],"font":"  14pt Times New Roman"},{"from":-25,"to":-28,"points":[-830,-209.20937306189563,-830,-199.20937306189563,-830,-196,-830,-196,-830,-172,-721.4521636962891,-172,-721.4521636962891,-153.02089843750002,-721.4521636962891,-143.02089843750002],"font":"  14pt Times New Roman"},{"from":-42,"to":-40,"points":[-291.0461654663086,331.9791015625,-301.0461654663086,331.9791015625,-300,331.9791015625,-300,331.9791015625,-404,331.9791015625,-404,134.9791015625,-606.2790618896277,134.9791015625,-616.2790618896277,134.9791015625],"font":"  14pt Times New Roman"},{"from":-25,"to":-4,"points":[-740.1069905272119,-245.0208984375,-730.1069905272119,-245.0208984375,-534.803495263606,-245.0208984375,-534.803495263606,-458.0208984375,-339.5,-458.0208984375,-329.5,-458.0208984375],"font":"  14pt Times New Roman"},{"from":-45,"to":-36,"points":[-70.00000000000024,-142.2331676793773,-70.00000000000024,-132.2331676793773,-70.00000000000024,-98.37703305843866,-200,-98.37703305843866,-200,-64.52089843750002,-200,-54.520898437500016],"font":"  14pt Times New Roman"},{"from":-45,"to":-38,"points":[-70.00000000000024,-142.2331676793773,-70.00000000000024,-132.2331676793773,-70.00000000000024,-60.62703305843865,100,-60.62703305843865,100,10.979101562499988,100,20.979101562499988],"font":"  14pt Times New Roman"},{"from":-47,"to":-40,"points":[-710,42.01479554779287,-710,52.01479554779287,-710,70.7322426727935,-710,70.7322426727935,-710,89.44968979779414,-710,99.44968979779414]},{"from":-49,"to":-41,"points":[-810,373.4856793712482,-810,383.4856793712482,-810,383.4856793712482,-950,383.4856793712482,-950,452.4791015625,-950,462.4791015625]},{"from":-49,"to":-67,"points":[-810,373.4856793712482,-810,383.4856793712482,-810,418.4823904668741,-800,418.4823904668741,-800,453.4791015625,-800,463.4791015625]},{"from":-49,"to":-51,"points":[-810,373.4856793712482,-810,383.4856793712482,-810,418.4823904668741,-670,418.4823904668741,-670,453.4791015625,-670,463.4791015625]},{"from":-48,"to":-49,"points":[-710,263.4856793712482,-710,273.4856793712482,-710,276,-710,276,-710,300,-810,300,-810,299.9791015625,-810,309.9791015625]},{"from":-48,"to":-50,"points":[-710,263.4856793712482,-710,273.4856793712482,-710,276,-600,276,-600,309.9791015625,-600,319.9791015625]},{"from":-50,"to":-52,"points":[-600,383.4856793712482,-600,393.4856793712482,-600,396,-600,396,-600,420,-530,420,-530,453.4791015625,-530,463.4791015625]},{"from":-40,"to":-48,"points":[-710,163.9139824859173,-710,173.9139824859173,-710,181.94654202420864,-710,181.94654202420864,-710,189.97910156249998,-710,199.97910156249998]},{"from":-36,"to":-57,"points":[-200,11.69920486281059,-200,21.69920486281059,-200,90.58915321265528,-310,90.58915321265528,-310,159.47910156249998,-310,169.47910156249998]},{"from":-36,"to":-58,"points":[-200,11.69920486281059,-200,21.69920486281059,-200,91.08915321265528,-150,91.08915321265528,-150,160.47910156249998,-150,170.47910156249998]},{"from":-36,"to":-59,"points":[-200,11.69920486281059,-200,21.69920486281059,-200,91.08915321265528,-10,91.08915321265528,-10,160.47910156249998,-10,170.47910156249998]},{"from":-38,"to":-60,"points":[99.99999999999999,82.67666237687324,99.99999999999999,92.67666237687324,99.99999999999999,124.32788196968662,110,124.32788196968662,110,155.97910156249998,110,165.97910156249998]},{"from":-1,"to":-45,"points":[-70,-279.5143206287518,-70,-269.5143206287518,-70,-250.76760953312592,-70.00000000000023,-250.76760953312592,-70.00000000000023,-232.02089843750002,-70.00000000000023,-222.02089843750002]},{"from":-61,"to":-25,"points":[-830,-329.20937306189563,-830,-319.20937306189563,-830,-309.1298416320508,-830,-309.1298416320508,-830,-299.0503102022059,-830,-289.0503102022059]},{"from":-64,"to":-61,"points":[-830.0000000000001,-444.98520445220714,-830.0000000000001,-434.98520445220714,-830.0000000000001,-427.0177573272065,-830,-427.0177573272065,-830,-419.0503102022059,-830,-409.0503102022059]},{"from":-4,"to":-36,"points":[-200,-430.0208984375,-200,-420.0208984375,-200,-242.27089843750002,-200,-242.27089843750002,-200,-64.52089843750002,-200,-54.520898437500016]},{"from":-36,"to":-42,"points":[-200,11.69920486281059,-200,21.69920486281059,-200,162.33915321265528,-200,162.33915321265528,-200,302.9791015625,-200,312.9791015625]}]}