{"class":"GraphLinksModel","modelData":{"position":"-1148.5565872192383 -792.585542810808"},"nodeDataArray":[{"minSize":{"class":"go.Size","width":20,"height":20},"width":0,"height":0,"fill":"#ffffff","stroke":"gray","strokeWidth":2,"font":"10pt Times New Roman","isUnderline":false,"isStrikethrough":false,"textAlign":"center","key":"-7","category":"OfNodes","isGroup":"true","Name":"Consumers","Type":"<<Actor Boundary>>","Annotation":""},{"figure":"Pentagon","width":0,"height":0,"nodeType":"target","fill":"#8FBC8F","stroke":"#2E8B57","strokeWidth":2,"font":"10pt Times New Roman","isUnderline":false,"isStrikethrough":false,"textAlign":"center","key":"-1","loc":"-290 -97","Name":"Travel by air","Type":"<<Functional Goal>>","Annotation":"","group":"-7"},{"figure":"Pentagon","width":0,"height":0,"nodeType":"target","fill":"#8FBC8F","stroke":"#2E8B57","strokeWidth":2,"font":"10pt Times New Roman","isUnderline":false,"isStrikethrough":false,"textAlign":"center","key":"-3","loc":"-386.6556498209635 -25","Name":"Air ticket booking online","Type":"<<Functional Goal>>","Annotation":"","group":"-7","size":"156 49.05882352941176"},{"figure":"Pentagon","width":0,"height":0,"nodeType":"target","fill":"#8FBC8F","stroke":"#2E8B57","strokeWidth":2,"font":"10pt Times New Roman","isUnderline":false,"isStrikethrough":false,"textAlign":"center","key":"-5","loc":"-191 -24","Name":"Reduce personal accident losses","Type":"<<Functional Goal>>","Annotation":"","group":"-7","size":"211.96039326985675 49.05882352941176"},{"figure":"CreateRequest","width":0,"height":0,"nodeType":"target","fill":"#c0d9a2","stroke":"#8FBC8F","strokeWidth":2,"font":"10pt Times New Roman","isUnderline":false,"isStrikethrough":false,"textAlign":"center","key":"-6","loc":"-450 115","Name":"Select flight","Type":"<<Operational Goal>>","Annotation":"","group":"-7"},{"figure":"CreateRequest","width":0,"height":0,"nodeType":"target","fill":"#c0d9a2","stroke":"#8FBC8F","strokeWidth":2,"font":"10pt Times New Roman","isUnderline":false,"isStrikethrough":false,"textAlign":"center","key":"-8","loc":"-351 116","Name":"Air ticket payment","Type":"<<Operational Goal>>","Annotation":"","group":"-7"},{"figure":"ExternalOrganization","width":0,"height":0,"nodeType":"serviceValue","fill":"#f4d9ce","stroke":"#CDB7B5","strokeWidth":2,"font":"10pt Times New Roman","isUnderline":false,"isStrikethrough":false,"textAlign":"center","key":"-9","loc":"660 -220","Name":"Insurance service","Type":"<<Resource>>","Annotation":""},{"figure":"Pentagon","width":0,"height":0,"nodeType":"target","fill":"#8FBC8F","stroke":"#2E8B57","strokeWidth":2,"font":"10pt Times New Roman","isUnderline":false,"isStrikethrough":false,"textAlign":"center","key":"-10","loc":"-391 46","Name":"Air ticket order management","Type":"<<Functional Goal>>","Annotation":"","group":"-7","size":"145 49.05882352941176"},{"figure":"Pentagon","width":0,"height":0,"nodeType":"target","fill":"#8FBC8F","stroke":"#2E8B57","strokeWidth":2,"font":"10pt Times New Roman","isUnderline":false,"isStrikethrough":false,"textAlign":"center","key":"-11","loc":"-191 46","Name":"Insurance order management","Type":"<<Functional Goal>>","Annotation":"","group":"-7","size":"188.1679077148437 49.05882352941176"},{"figure":"CreateRequest","width":0,"height":0,"nodeType":"target","fill":"#c0d9a2","stroke":"#8FBC8F","strokeWidth":2,"font":"10pt Times New Roman","isUnderline":false,"isStrikethrough":false,"textAlign":"center","key":"-12","loc":"-230 203","Name":"Buy personal injury protection coverage","Type":"<<Operational Goal>>","Annotation":"","group":"-7","size":"152.69212341308594 34"},{"figure":"CreateRequest","width":0,"height":0,"nodeType":"target","fill":"#c0d9a2","stroke":"#8FBC8F","strokeWidth":2,"font":"10pt Times New Roman","isUnderline":false,"isStrikethrough":false,"textAlign":"center","key":"-13","loc":"-390 190","Name":"Insurance payment","Type":"<<Operational Goal>>","Annotation":"","group":"-7"},{"figure":"Pentagon","width":0,"height":0,"nodeType":"target","fill":"#8FBC8F","stroke":"#2E8B57","strokeWidth":2,"font":"10pt Times New Roman","isUnderline":false,"isStrikethrough":false,"textAlign":"center","key":"-14","loc":"-190 123","Name":"Insurance selection","Type":"<<Functional Goal>>","Annotation":"","group":"-7","size":"131.19970194498694 49.05882352941176"},{"minSize":{"class":"go.Size","width":20,"height":20},"width":0,"height":0,"fill":"#ffffff","stroke":"#888888","strokeWidth":2,"font":"10pt Times New Roman","isUnderline":false,"isStrikethrough":false,"textAlign":"center","key":"-15","category":"OfNodes","isGroup":"true","Name":"Fliggy platform","Type":"<<Actor Boundary>>","Annotation":""},{"figure":"Pentagon","width":0,"height":0,"nodeType":"target","fill":"#8FBC8F","stroke":"#2E8B57","strokeWidth":2,"font":"10pt Times New Roman","isUnderline":false,"isStrikethrough":false,"textAlign":"center","key":"-16","loc":"-430 -516","Name":"Flight selling management","Type":"<<Functional Goal>>","Annotation":"","group":"-15","size":"174.27468363444007 49.05882352941176"},{"figure":"Pentagon","width":0,"height":0,"nodeType":"target","fill":"#8FBC8F","stroke":"#2E8B57","strokeWidth":2,"font":"10pt Times New Roman","isUnderline":false,"isStrikethrough":false,"textAlign":"center","key":"-17","loc":"-170 -557","Name":"Insurance selling","Type":"<<Functional Goal>>","Annotation":"","group":"-15"},{"figure":"Pentagon","width":0,"height":0,"nodeType":"target","fill":"#8FBC8F","stroke":"#2E8B57","strokeWidth":2,"font":"10pt Times New Roman","isUnderline":false,"isStrikethrough":false,"textAlign":"center","key":"-18","loc":"-473.84396616617835 -440","Name":"Air ticket booking service","Type":"<<Functional Goal>>","Annotation":"","group":"-15","size":"153 49.05882352941176"},{"figure":"CreateRequest","width":0,"height":0,"nodeType":"target","fill":"#c0d9a2","stroke":"#8FBC8F","strokeWidth":2,"font":"10pt Times New Roman","isUnderline":false,"isStrikethrough":false,"textAlign":"center","key":"-19","loc":"-360 -284","Name":"Payment service","Type":"<<Operational Goal>>","Annotation":"","group":"-15"},{"figure":"CreateRequest","width":0,"height":0,"nodeType":"target","fill":"#c0d9a2","stroke":"#8FBC8F","strokeWidth":2,"font":"10pt Times New Roman","isUnderline":false,"isStrikethrough":false,"textAlign":"center","key":"-20","loc":"-500 -284","Name":"Flight selection service","Type":"<<Operational Goal>>","Annotation":"","group":"-15","size":"102 34"},{"figure":"Pentagon","width":0,"height":0,"nodeType":"target","fill":"#8FBC8F","stroke":"#2E8B57","strokeWidth":2,"font":"10pt Times New Roman","isUnderline":false,"isStrikethrough":false,"textAlign":"center","key":"-21","loc":"-430 -594","Name":"Provide flight booking service","Type":"<<Functional Goal>>","Annotation":"","group":"-15","size":"186 49.05882352941176"},{"figure":"Pentagon","width":0,"height":0,"nodeType":"target","fill":"#8FBC8F","stroke":"#2E8B57","strokeWidth":2,"font":"10pt Times New Roman","isUnderline":false,"isStrikethrough":false,"textAlign":"center","key":"-22","loc":"-240 -367","Name":"Air ticket order management","Type":"<<Functional Goal>>","Annotation":"","group":"-15","size":"167 49.05882352941176"},{"figure":"CreateRequest","width":0,"height":0,"nodeType":"target","fill":"#c0d9a2","stroke":"#8FBC8F","strokeWidth":2,"font":"10pt Times New Roman","isUnderline":false,"isStrikethrough":false,"textAlign":"center","key":"-23","loc":"-240 -287","Name":"Consumer management","Type":"<<Operational Goal>>","Annotation":"","group":"-15","size":"99 34"},{"figure":"CreateRequest","width":0,"height":0,"nodeType":"target","fill":"#c0d9a2","stroke":"#8FBC8F","strokeWidth":2,"font":"10pt Times New Roman","isUnderline":false,"isStrikethrough":false,"textAlign":"center","key":"-24","loc":"-430 -344","Name":"Flight seat selection service","Type":"<<Operational Goal>>","Annotation":"","group":"-15","size":"106 34"},{"figure":"CreateRequest","width":0,"height":0,"nodeType":"target","fill":"#c0d9a2","stroke":"#8FBC8F","strokeWidth":2,"font":"10pt Times New Roman","isUnderline":false,"isStrikethrough":false,"textAlign":"center","key":"-25","loc":"-70 -507","Name":"Personal injury protection coverage selling","Type":"<<Operational Goal>>","Annotation":"","group":"-15","size":"150 34"},{"minSize":{"class":"go.Size","width":20,"height":20},"width":0,"height":0,"fill":"#ffffff","stroke":"gray","strokeWidth":2,"font":"10pt Times New Roman","isUnderline":false,"isStrikethrough":false,"textAlign":"center","key":"-26","category":"OfNodes","isGroup":"true","Name":"Airlines","Type":"<<Actor Boundary>>","Annotation":""},{"minSize":{"class":"go.Size","width":20,"height":20},"width":0,"height":0,"fill":"#ffffff","stroke":"#979797","strokeWidth":2,"font":"10pt Times New Roman","isUnderline":false,"isStrikethrough":false,"textAlign":"center","key":"-27","category":"OfNodes","isGroup":"true","Name":"Insurance companies","Type":"<<Actor Boundary>>","Annotation":"undefined"},{"figure":"Pentagon","width":0,"height":0,"nodeType":"target","fill":"#8FBC8F","stroke":"#2E8B57","strokeWidth":2,"font":"10pt Times New Roman","isUnderline":false,"isStrikethrough":false,"textAlign":"center","key":"-28","loc":"344 -157","Name":"Provide flight service","Type":"<<Functional Goal>>","Annotation":"","group":"-26"},{"figure":"Pentagon","width":0,"height":0,"nodeType":"target","fill":"#8FBC8F","stroke":"#2E8B57","strokeWidth":2,"font":"10pt Times New Roman","isUnderline":false,"isStrikethrough":false,"textAlign":"center","key":"-29","loc":"224 -67","Name":"Provide flight selling service","Type":"<<Functional Goal>>","Annotation":"","group":"-26","size":"158 49.05882352941176"},{"figure":"Pentagon","width":0,"height":0,"nodeType":"target","fill":"#8FBC8F","stroke":"#2E8B57","strokeWidth":2,"font":"10pt Times New Roman","isUnderline":false,"isStrikethrough":false,"textAlign":"center","key":"-30","loc":"450 -647","Name":"Provide guarantee service","Type":"<<Functional Goal>>","Annotation":"","group":"-27","size":"164 49.05882352941176"},{"figure":"Pentagon","width":0,"height":0,"nodeType":"target","fill":"#8FBC8F","stroke":"#2E8B57","strokeWidth":2,"font":"10pt Times New Roman","isUnderline":false,"isStrikethrough":false,"textAlign":"center","key":"-31","loc":"450 -557","Name":"Insurance selling","Type":"<<Functional Goal>>","Annotation":"","group":"-27"},{"figure":"ExternalOrganization","width":0,"height":0,"nodeType":"serviceValue","fill":"#f4d9ce","stroke":"#CDB7B5","strokeWidth":2,"font":"10pt Times New Roman","isUnderline":false,"isStrikethrough":false,"textAlign":"center","key":"-4","loc":"-390 -200","Name":"Flight service of Fliggy platform","Type":"<<Resource>>","Annotation":""},{"figure":"Pentagon","width":0,"height":0,"nodeType":"target","fill":"#8FBC8F","stroke":"#2e8b57","strokeWidth":2,"font":"10pt Times New Roman","isUnderline":false,"isStrikethrough":false,"textAlign":"center","key":"-34","loc":"310 -487","Name":"Insurance coverage management","Type":"<<Functional Goal>>","Annotation":"","group":"-27","size":"188 49.05882352941176"},{"figure":"Pentagon","width":0,"height":0,"nodeType":"target","fill":"#8FBC8F","stroke":"#2E8B57","strokeWidth":2,"font":"10pt Times New Roman","isUnderline":false,"isStrikethrough":false,"textAlign":"center","key":"-35","loc":"435 -387","Name":"Provide personal injury protection coverage","Type":"<<Functional Goal>>","Annotation":"","group":"-27","size":"226 49.05882352941176"},{"figure":"CreateRequest","width":0,"height":0,"nodeType":"target","fill":"#c0d9a2","stroke":"#8FBC8F","strokeWidth":2,"font":"10pt Times New Roman","isUnderline":false,"isStrikethrough":false,"textAlign":"center","key":"-36","loc":"470.5 -307","Name":"Personal injury protection coverage selling","Type":"<<Operational Goal>>","Annotation":"","group":"-27","size":"155 34"},{"figure":"Pentagon","width":0,"height":0,"nodeType":"target","fill":"#8FBC8F","stroke":"#2E8B57","strokeWidth":2,"font":"10pt Times New Roman","isUnderline":false,"isStrikethrough":false,"textAlign":"center","key":"-37","loc":"480 -477","Name":"Insurance sale plan","Type":"<<Functional Goal>>","Annotation":"","group":"-27","size":"128 49.05882352941176"},{"figure":"Pentagon","width":0,"height":0,"nodeType":"target","fill":"#8FBC8F","stroke":"#2E8B57","strokeWidth":2,"font":"10pt Times New Roman","isUnderline":false,"isStrikethrough":false,"textAlign":"center","key":"-38","loc":"600 -347","Name":"Policyholder Management","Type":"<<Functional Goal>>","Annotation":"","group":"-27","size":"130 49.05882352941176"},{"figure":"Pentagon","width":0,"height":0,"nodeType":"target","fill":"#8FBC8F","stroke":"#2E8B57","strokeWidth":2,"font":"10pt Times New Roman","isUnderline":false,"isStrikethrough":false,"textAlign":"center","key":"-39","loc":"-170 -627","Name":"Provide insurance selling service","Type":"<<Functional Goal>>","Annotation":"","group":"-15","size":"175 49.05882352941176"},{"figure":"Pentagon","width":0,"height":0,"nodeType":"target","fill":"#8FBC8F","stroke":"#2E8B57","strokeWidth":2,"font":"10pt Times New Roman","isUnderline":false,"isStrikethrough":false,"textAlign":"center","key":"-40","loc":"-270 -687","Name":"Provide one-stop travel service","Type":"<<Functional Goal>>","Annotation":"","group":"-15","size":"176.0995025634765 49.05882352941176"},{"figure":"Pentagon","width":0,"height":0,"nodeType":"target","fill":"#8FBC8F","stroke":"#2E8B57","strokeWidth":2,"font":"10pt Times New Roman","isUnderline":false,"isStrikethrough":false,"textAlign":"center","key":"-41","loc":"224 13","Name":"Flight selling management","Type":"<<Functional Goal>>","Annotation":"","group":"-26","size":"165 49.05882352941176"},{"figure":"Pentagon","width":0,"height":0,"nodeType":"target","fill":"#8FBC8F","stroke":"#2E8B57","strokeWidth":2,"font":"10pt Times New Roman","isUnderline":false,"isStrikethrough":false,"textAlign":"center","key":"-42","loc":"157.44686889648438 107","Name":"Air ticket selling service","Type":"<<Functional Goal>>","Annotation":"","group":"-26","size":"150 49.05882352941176"},{"figure":"CreateRequest","width":0,"height":0,"nodeType":"target","fill":"#c0d9a2","stroke":"#8FBC8F","strokeWidth":2,"font":"10pt Times New Roman","isUnderline":false,"isStrikethrough":false,"textAlign":"center","key":"-43","loc":"219.65137481689453 203.99999999999997","Name":"Flight seat selection service","Type":"<<Operational Goal>>","Annotation":"","group":"-26","size":"103 34"},{"figure":"CreateRequest","width":0,"height":0,"nodeType":"target","fill":"#c0d9a2","stroke":"#8FBC8F","strokeWidth":2,"font":"10pt Times New Roman","isUnderline":false,"isStrikethrough":false,"textAlign":"center","key":"-44","loc":"119.67960357666016 203.99999999999997","Name":"Flight selection service","Type":"<<Operational Goal>>","Annotation":"","group":"-26","size":"99 34"},{"figure":"CreateRequest","width":0,"height":0,"nodeType":"target","fill":"#c0d9a2","stroke":"#8FBC8F","strokeWidth":2,"font":"10pt Times New Roman","isUnderline":false,"isStrikethrough":false,"textAlign":"center","key":"-45","loc":"334 203","Name":"Payment service","Type":"<<Operational Goal>>","Annotation":"","group":"-26","size":"82 34"},{"figure":"Pentagon","width":0,"height":0,"nodeType":"target","fill":"#8FBC8F","stroke":"#2E8B57","strokeWidth":2,"font":"10pt Times New Roman","isUnderline":false,"isStrikethrough":false,"textAlign":"center","key":"-46","loc":"414 -67","Name":"Travel Insurance selling","Type":"<<Functional Goal>>","Annotation":"","group":"-26","size":"158 49.05882352941176"},{"figure":"CreateRequest","width":0,"height":0,"nodeType":"target","fill":"#c0d9a2","stroke":"#8FBC8F","strokeWidth":2,"font":"10pt Times New Roman","isUnderline":false,"isStrikethrough":false,"textAlign":"center","key":"-48","loc":"404 13","Name":"Personal injury protection coverage selling","Type":"<<Operational Goal>>","Annotation":"","group":"-26","size":"149 34"},{"figure":"Pentagon","width":0,"height":0,"nodeType":"target","fill":"#8FBC8F","stroke":"#2E8B57","strokeWidth":2,"font":"10pt Times New Roman","isUnderline":false,"isStrikethrough":false,"textAlign":"center","key":"-47","loc":"454 133","Name":"Air ticket order management","Type":"<<Functional Goal>>","Annotation":"","group":"-26","size":"153.33456420898432 49.05882352941176"},{"figure":"CreateRequest","width":0,"height":0,"nodeType":"target","fill":"#c0d9a2","stroke":"#8FBC8F","strokeWidth":2,"font":"10pt Times New Roman","isUnderline":false,"isStrikethrough":false,"textAlign":"center","key":"-49","loc":"454 203","Name":"Consumer management","Type":"<<Operational Goal>>","Annotation":"","group":"-26","size":"103 34"},{"figure":"ExternalOrganization","width":0,"height":0,"nodeType":"serviceValue","fill":"#f4d9ce","stroke":"#CDB7B5","strokeWidth":2,"font":"10pt Times New Roman","isUnderline":false,"isStrikethrough":false,"textAlign":"center","key":"-50","loc":"-200 -200","Name":"Insurance service of Fliggy platform","Type":"<<Resource>>","Annotation":"","size":"128 34"},{"figure":"ExternalOrganization","width":0,"height":0,"nodeType":"serviceValue","fill":"#f4d9ce","stroke":"#CDB7B5","strokeWidth":2,"font":"10pt Times New Roman","isUnderline":false,"isStrikethrough":false,"textAlign":"center","key":"-52","loc":"190 -750","Name":"Insurance service","Type":"<<Resource>>","Annotation":""},{"Name":"Provide flight cancellation insurance","Type":"<<Functional Goal>>","Annotation":"","figure":"Pentagon","nodeType":"target","fill":"#8FBC8F","stroke":"#2E8B57","strokeWidth":2,"font":"10pt Times New Roman","isUnderline":false,"isStrikethrough":false,"textAlign":"center","strokeDashArray":null,"key":-54,"loc":"162 -307","group":"-27","size":"205 49.05882352941176"},{"Name":"Provide flight delay insurance","Type":"<<Functional Goal>>","Annotation":"","figure":"Pentagon","nodeType":"target","fill":"#8FBC8F","stroke":"#2E8B57","strokeWidth":2,"font":"10pt Times New Roman","isUnderline":false,"isStrikethrough":false,"textAlign":"center","strokeDashArray":null,"key":-55,"loc":"320 -307","group":"-27","size":"150 49.05882352941176"},{"Name":"Provide aviation insurance","Type":"<<Functional Goal>>","Annotation":"","figure":"Pentagon","nodeType":"target","fill":"#8FBC8F","stroke":"#2E8B57","strokeWidth":2,"font":"10pt Times New Roman","isUnderline":false,"isStrikethrough":false,"textAlign":"center","strokeDashArray":null,"key":-56,"loc":"220 -407","group":"-27","size":"166 49.05882352941176"},{"figure":"CreateRequest","width":0,"height":0,"nodeType":"target","fill":"#c0d9a2","stroke":"#8FBC8F","strokeWidth":2,"font":"10pt Times New Roman","isUnderline":false,"isStrikethrough":false,"textAlign":"center","key":"-482","loc":"504 73","Name":"Aviation coverage selling","Type":"<<Operational Goal>>","Annotation":"","group":"-26","size":"149 34"},{"figure":"CreateRequest","width":0,"height":0,"nodeType":"target","fill":"#c0d9a2","stroke":"#8FBC8F","strokeWidth":2,"font":"10pt Times New Roman","isUnderline":false,"isStrikethrough":false,"textAlign":"center","key":"-4822","loc":"-260 -507","Name":"Aviation coverage selling","Type":"<<Operational Goal>>","Annotation":"","group":"-15","size":"116 34"},{"figure":"ExternalOrganization","width":0,"height":0,"nodeType":"serviceValue","fill":"#f4d9ce","stroke":"#CDB7B5","strokeWidth":2,"font":"10pt Times New Roman","isUnderline":false,"isStrikethrough":false,"textAlign":"center","key":"-51","loc":"-30 -200","Name":"Flight service","Type":"<<Resource>>","Annotation":""},{"figure":"CreateRequest","width":0,"height":0,"nodeType":"target","fill":"#c0d9a2","stroke":"#8FBC8F","strokeWidth":2,"font":"10pt Times New Roman","isUnderline":false,"isStrikethrough":false,"textAlign":"center","key":"-122","loc":"-80 203","Name":"Buy aviation insurance","Type":"<<Operational Goal>>","Annotation":"","group":"-7","size":"91 34"}],"linkDataArray":[{"from":"-1","to":"-3","points":[-290,-80.49148667279411,-290,-70.49148667279411,-290,-68,-386.6556498209635,-68,-386.6556498209635,-67.55031020220588,-386.6556498209635,-57.55031020220588]},{"from":"-1","to":"-5","points":[-290,-80.49148667279411,-290,-70.49148667279411,-290,-68.5208984375,-190.99999999999997,-68.5208984375,-190.99999999999997,-66.55031020220588,-190.99999999999997,-56.55031020220588]},{"from":"-3","to":"-10","points":[-386.6556498209635,-12.985204452207121,-386.6556498209635,-2.985204452207121,-386.6556498209635,0.23224267279350208,-391,0.23224267279350208,-391,3.449689797794125,-391,13.449689797794125]},{"from":"-10","to":"-6","points":[-391,58.01479554779287,-391,68.01479554779287,-391,73.99694855514645,-450,73.99694855514645,-450,79.9791015625,-450,89.9791015625]},{"from":"-10","to":"-8","points":[-391,58.01479554779287,-391,68.01479554779287,-391,74.49694855514645,-351,74.49694855514645,-351,80.9791015625,-351,90.9791015625]},{"from":"-5","to":"-11","points":[-190.99999999999997,-11.985204452207114,-190.99999999999997,-1.985204452207114,-190.99999999999997,0.7322426727935047,-191.00000000000003,0.7322426727935047,-191.00000000000003,3.4496897977941234,-191.00000000000003,13.449689797794123]},{"from":"-11","to":"-14","points":[-191.00000000000006,58.014795547792886,-191.00000000000006,68.01479554779289,-191.00000000000006,74.2322426727935,-190,74.2322426727935,-190,80.44968979779412,-190,90.44968979779412]},{"from":"-14","to":"-12","points":[-190,135.0147955477929,-190,145.0147955477929,-190,148,-190,148,-190,164,-230,164,-230,167.9791015625,-230,177.9791015625]},{"from":"-18","to":"-20","points":[-473.84396616617835,-427.98520445220714,-473.84396616617835,-417.98520445220714,-473.84396616617835,-420,-473.84396616617835,-420,-473.84396616617835,-396,-508,-396,-508,-316,-500,-316,-500,-319.0208984375,-500,-309.0208984375]},{"from":"-18","to":"-19","points":[-473.84396616617835,-427.98520445220714,-473.84396616617835,-417.98520445220714,-473.84396616617835,-417.98520445220714,-360,-417.98520445220714,-360,-319.0208984375,-360,-309.0208984375]},{"from":"-16","to":"-18","points":[-429.99999999999994,-503.9852044522071,-429.99999999999994,-493.9852044522071,-429.99999999999994,-488.2677573272065,-473.84396616617835,-488.2677573272065,-473.84396616617835,-482.5503102022059,-473.84396616617835,-472.5503102022059]},{"from":"-16","to":"-22","points":[-355.7272005538857,-524.0208984375,-345.7272005538857,-524.0208984375,-345.7272005538857,-524.0208984375,-345.7272005538857,-468,-240,-468,-240,-409.5503102022059,-240,-399.5503102022059]},{"from":"-18","to":"-24","points":[-473.84396616617835,-427.98520445220714,-473.84396616617835,-417.98520445220714,-473.84396616617835,-398.50305144485355,-430,-398.50305144485355,-430,-379.0208984375,-430,-369.0208984375]},{"from":"-22","to":"-23","points":[-240,-354.98520445220714,-240,-344.98520445220714,-240,-344.98520445220714,-240,-344.98520445220714,-240,-322.0208984375,-240,-312.0208984375]},{"from":"-21","to":"-16","points":[-430,-581.9852044522071,-430,-571.9852044522071,-430,-565.2677573272065,-429.99999999999994,-565.2677573272065,-429.99999999999994,-558.5503102022059,-429.99999999999994,-548.5503102022059]},{"from":"-17","to":"-25","points":[-170,-540.4914866727942,-170,-530.4914866727942,-170,-532,-170,-532,-170,-515.0208984375,-155,-515.0208984375,-145,-515.0208984375]},{"from":"-30","to":"-31","points":[450,-634.9852044522071,450,-624.9852044522071,450,-624.9852044522071,450,-624.9852044522071,450,-599.5503102022059,450,-589.5503102022059]},{"from":"-31","to":"-34","points":[383.29655111385335,-565.0208984375,373.29655111385335,-565.0208984375,310,-565.0208984375,310,-547.285604319853,310,-529.5503102022059,310,-519.5503102022059]},{"from":"-35","to":"-36","points":[435,-374.98520445220714,435,-364.98520445220714,435,-364,435,-364,435,-348,470.5,-348,470.5,-342.0208984375,470.5,-332.0208984375]},{"from":"-34","to":"-35","points":[390.11052517673977,-495.0208984375,400.11052517673977,-495.0208984375,404,-495.0208984375,404,-444,332,-444,332,-395.0208984375,328.72710946457147,-395.0208984375,338.72710946457147,-395.0208984375]},{"from":"-31","to":"-37","points":[450,-544.9852044522071,450,-534.9852044522071,450,-527.2677573272065,480,-527.2677573272065,480,-519.5503102022059,480,-509.5503102022059]},{"from":"-31","to":"-38","points":[450,-544.9852044522071,450,-534.9852044522071,450,-532,600,-532,600,-389.5503102022059,600,-379.5503102022059]},{"from":"-39","to":"-17","points":[-170,-614.9852044522071,-170,-604.9852044522071,-170,-602.2677573272065,-170,-602.2677573272065,-170,-599.5503102022059,-170,-589.5503102022059]},{"from":"-40","to":"-21","points":[-270,-670.4914866727942,-270,-660.4914866727942,-270,-660,-270,-660,-270,-602.0208984375,-340.74012563161233,-602.0208984375,-350.74012563161233,-602.0208984375]},{"from":"-40","to":"-39","points":[-270,-670.4914866727942,-270,-660.4914866727942,-270,-660,-270,-660,-270,-635.0208984375,-254.5812949224515,-635.0208984375,-244.5812949224515,-635.0208984375]},{"from":"-28","to":"-29","points":[344,-140.4914866727941,344,-130.4914866727941,344,-130.4914866727941,224,-130.4914866727941,224,-109.55031020220588,224,-99.55031020220588]},{"from":"-28","to":"-46","points":[344,-144.9852044522071,344,-134.9852044522071,344,-132,344,-132,344,-116,414,-116,414,-109.55031020220588,414,-99.55031020220588]},{"from":"-46","to":"-48","points":[414,-54.98520445220712,414,-44.98520445220712,414,-44,414,-44,414,-28,404,-28,404,-22.020898437499994,404,-12.020898437499994]},{"from":"-29","to":"-41","points":[224,-54.98520445220712,224,-44.98520445220712,224,-37.267757327206496,224,-37.267757327206496,224,-29.550310202205875,224,-19.550310202205875]},{"from":"-41","to":"-42","points":[224,25.014795547792886,224,35.014795547792886,224,36,224,36,224,52,157.44686889648438,52,157.44686889648438,64.44968979779412,157.44686889648438,74.44968979779412]},{"from":"-42","to":"-44","points":[157.44686889648438,119.01479554779289,157.44686889648438,129.0147955477929,157.44686889648438,148.99694855514645,119.67960357666016,148.99694855514645,119.67960357666016,168.97910156249998,119.67960357666016,178.97910156249998]},{"from":"-42","to":"-43","points":[157.44686889648438,119.01479554779289,157.44686889648438,129.0147955477929,157.44686889648438,132,157.44686889648438,132,157.44686889648438,148,219.65137481689453,148,219.65137481689453,168.97910156249998,219.65137481689453,178.97910156249998]},{"from":"-42","to":"-45","points":[221.39502871453536,98.9791015625,231.39502871453536,98.9791015625,228,98.9791015625,228,98.9791015625,284,98.9791015625,284,194.9791015625,283,194.9791015625,293,194.9791015625]},{"from":"-41","to":"-47","points":[294.3280408806913,4.979101562499999,304.3280408806913,4.979101562499999,308,4.979101562499999,308,4.979101562499999,316,4.979101562499999,316,124.9791015625,378.63356531201185,124.9791015625,388.63356531201185,124.9791015625]},{"from":"-47","to":"-49","points":[454,145.01479554779286,454,155.01479554779286,454,161.49694855514645,454,161.49694855514645,454,167.9791015625,454,177.9791015625]},{"from":"-46","to":"-9","points":[481.3507630514591,-75.0208984375,491.3507630514591,-75.0208984375,492,-75.0208984375,492,-75.0208984375,604,-75.0208984375,604,-228.02089843750002,601.5565872192383,-228.02089843750002,611.5565872192383,-228.02089843750002]},{"from":"-9","to":"-31","points":[660,-245.02089843750002,660,-255.02089843750002,660,-562.8401690625003,658.171222697461,-562.8401690625003,658.171222697461,-565.0208984375,538.2390365600586,-565.0208984375,528.2390365600586,-565.0208984375]},{"from":"-3","to":"-4","points":[-386.6556498209635,-57.55031020220588,-386.6556498209635,-67.55031020220588,-386.6556498209635,-124.28560431985294,-390,-124.28560431985294,-390,-181.0208984375,-390,-191.0208984375]},{"from":"-4","to":"-18","points":[-479.3738479614258,-208.0208984375,-489.3738479614258,-208.0208984375,-492,-208.0208984375,-492,-208.0208984375,-564,-208.0208984375,-564,-448.0208984375,-560.3439661661783,-448.0208984375,-550.3439661661783,-448.0208984375]},{"from":"-14","to":"-50","points":[-124.40014902750653,114.9791015625,-114.40014902750653,114.9791015625,-114.40014902750653,114.9791015625,-114.40014902750653,-133.67454015234387,-200,-133.67454015234387,-200,-181.0208984375,-200,-191.0208984375]},{"from":"-17","to":"-52","points":[-103.29655111385338,-565.0208984375,-93.29655111385338,-565.0208984375,-92,-565.0208984375,-92,-565.0208984375,28,-565.0208984375,28,-758.0208984375,131.55658721923828,-758.0208984375,141.55658721923828,-758.0208984375]},{"from":"-52","to":"-31","points":[238.44341278076172,-758.0208984375,248.44341278076172,-758.0208984375,252,-758.0208984375,252,-758.0208984375,372,-758.0208984375,372,-565.0208984375,373.29655111385335,-565.0208984375,383.29655111385335,-565.0208984375]},{"from":"-11","to":"-13","points":[-271.1819405934199,37.979101562500006,-281.1819405934199,37.979101562500006,-284,37.979101562500006,-284,148,-324,148,-324,181.9791015625,-327.4788284301758,181.9791015625,-337.4788284301758,181.9791015625]},{"from":"-34","to":-56,"points":[310,-470.4914866727941,310,-460.4914866727941,310,-455.0208984375,220,-455.0208984375,220,-449.5503102022059,220,-439.5503102022059]},{"from":-56,"to":-54,"points":[220,-394.98520445220714,220,-384.98520445220714,220,-367.2677573272065,162,-367.2677573272065,162,-349.5503102022059,162,-339.5503102022059]},{"from":-56,"to":-55,"points":[220,-394.98520445220714,220,-384.98520445220714,220,-367.2677573272065,320,-367.2677573272065,320,-349.5503102022059,320,-339.5503102022059]},{"from":"-46","to":"-482","points":[414,-54.98520445220712,414,-44.98520445220712,414,-44,504,-44,504,37.979101562500006,504,47.979101562500006]},{"from":"-51","to":"-29","points":[8.465438842773438,-208.02089843750002,18.465438842773438,-208.02089843750002,20,-208.02089843750002,20,-75.0208984375,146.64923694854087,-75.0208984375,156.64923694854087,-75.0208984375]},{"from":"-17","to":"-4822","points":[-236.70344888614665,-565.0208984375,-246.70344888614665,-565.0208984375,-260,-565.0208984375,-260,-553.5208984375,-260,-542.0208984375,-260,-532.0208984375]},{"from":"-50","to":"-17","points":[-200,-225.0208984375,-200,-235.0208984375,-200,-236,-170,-236,-170,-534.9852044522071,-170,-544.9852044522071]},{"from":"-18","to":"-51","points":[-408.6198301355993,-448.0208984375,-398.6198301355993,-448.0208984375,-119.95531103144549,-448.0208984375,-119.95531103144549,-447.4579344046877,-115.7340097634767,-447.4579344046877,-115.7340097634767,-403.83782130234397,-114.32690934082052,-403.83782130234397,-114.32690934082052,-208.0208984375,-78.46543884277344,-208.0208984375,-68.46543884277344,-208.0208984375]},{"from":"-14","to":"-122","points":[-190,139.5085133272059,-190,149.5085133272059,-190,149.5085133272059,-80,149.5085133272059,-80,167.9791015625,-80,177.9791015625]}]}