{"class":"GraphLinksModel","modelData":{"position":"-1027.9651063289757 -809.3117339513598"},"nodeDataArray":[{"minSize":{"class":"go.Size","width":20,"height":20},"width":0,"height":0,"fill":"#ffffff","stroke":"gray","strokeWidth":2,"font":"10pt Times New Roman","isUnderline":false,"isStrikethrough":false,"textAlign":"center","key":"-7","category":"OfNodes","isGroup":"true","Name":"Consumers","Type":"<<Actor Boundary>>","Annotation":""},{"figure":"Pentagon","width":0,"height":0,"nodeType":"target","fill":"#8FBC8F","stroke":"#2E8B57","strokeWidth":2,"font":"10pt Times New Roman","isUnderline":false,"isStrikethrough":false,"textAlign":"center","key":"-1","loc":"-80 -107","Name":"Travel by air","Type":"<<Functional Goal>>","Annotation":"","group":"-7"},{"figure":"Pentagon","width":0,"height":0,"nodeType":"target","fill":"#8FBC8F","stroke":"#2E8B57","strokeWidth":2,"font":"10pt Times New Roman","isUnderline":false,"isStrikethrough":false,"textAlign":"center","key":"-3","loc":"-180 13","Name":"Air ticket booking online","Type":"<<Functional Goal>>","Annotation":"","group":"-7","size":"155 49.05882352941176"},{"figure":"Pentagon","width":0,"height":0,"nodeType":"target","fill":"#8FBC8F","stroke":"#2E8B57","strokeWidth":2,"font":"10pt Times New Roman","isUnderline":false,"isStrikethrough":false,"textAlign":"center","key":"-5","loc":"10 13","Name":"Reduce personal accident losses","Type":"<<Functional Goal>>","Annotation":"","group":"-7","size":"170 49.05882352941176"},{"figure":"CreateRequest","width":0,"height":0,"nodeType":"target","fill":"#c0d9a2","stroke":"#8FBC8F","strokeWidth":2,"font":"10pt Times New Roman","isUnderline":false,"isStrikethrough":false,"textAlign":"center","key":"-6","loc":"-240 163","Name":"Select flight","Type":"<<Operational Goal>>","Annotation":"","group":"-7"},{"figure":"CreateRequest","width":0,"height":0,"nodeType":"target","fill":"#c0d9a2","stroke":"#8FBC8F","strokeWidth":2,"font":"10pt Times New Roman","isUnderline":false,"isStrikethrough":false,"textAlign":"center","key":"-8","loc":"-140 163","Name":"Air ticket payment","Type":"<<Operational Goal>>","Annotation":"","group":"-7"},{"figure":"ExternalOrganization","width":0,"height":0,"nodeType":"serviceValue","fill":"#f4d9ce","stroke":"#CDB7B5","strokeWidth":2,"font":"10pt Times New Roman","isUnderline":false,"isStrikethrough":false,"textAlign":"center","key":"-9","loc":"700 -200","Name":"Insurance service","Type":"<<Resource>>","Annotation":""},{"figure":"Pentagon","width":0,"height":0,"nodeType":"target","fill":"#8FBC8F","stroke":"#2E8B57","strokeWidth":2,"font":"10pt Times New Roman","isUnderline":false,"isStrikethrough":false,"textAlign":"center","key":"-10","loc":"-180 93","Name":"Air ticket order management","Type":"<<Functional Goal>>","Annotation":"","group":"-7","size":"157 49.05882352941176"},{"figure":"Pentagon","width":0,"height":0,"nodeType":"target","fill":"#8FBC8F","stroke":"#2E8B57","strokeWidth":2,"font":"10pt Times New Roman","isUnderline":false,"isStrikethrough":false,"textAlign":"center","key":"-11","loc":"10 93","Name":"Insurance order management","Type":"<<Functional Goal>>","Annotation":"","group":"-7","size":"175 49.05882352941176"},{"figure":"CreateRequest","width":0,"height":0,"nodeType":"target","fill":"#c0d9a2","stroke":"#8FBC8F","strokeWidth":2,"font":"10pt Times New Roman","isUnderline":false,"isStrikethrough":false,"textAlign":"center","key":"-12","loc":"20 230","Name":"Buy personal injury protection coverage","Type":"<<Operational Goal>>","Annotation":"","group":"-7","size":"154.69212341308594 34"},{"figure":"CreateRequest","width":0,"height":0,"nodeType":"target","fill":"#c0d9a2","stroke":"#8FBC8F","strokeWidth":2,"font":"10pt Times New Roman","isUnderline":false,"isStrikethrough":false,"textAlign":"center","key":"-13","loc":"-140 223","Name":"Insurance payment","Type":"<<Operational Goal>>","Annotation":"","group":"-7"},{"figure":"Pentagon","width":0,"height":0,"nodeType":"target","fill":"#8FBC8F","stroke":"#2E8B57","strokeWidth":2,"font":"10pt Times New Roman","isUnderline":false,"isStrikethrough":false,"textAlign":"center","key":"-14","loc":"20 163","Name":"Insurance selection","Type":"<<Functional Goal>>","Annotation":"","group":"-7","size":"116.19970194498694 49.05882352941176"},{"minSize":{"class":"go.Size","width":20,"height":20},"width":0,"height":0,"fill":"#ffffff","stroke":"gray","strokeWidth":2,"font":"10pt Times New Roman","isUnderline":false,"isStrikethrough":false,"textAlign":"center","key":"-15","category":"OfNodes","isGroup":"true","Name":"Fliggy platform","Type":"<<Actor Boundary>>","Annotation":""},{"figure":"Pentagon","width":0,"height":0,"nodeType":"target","fill":"#8FBC8F","stroke":"#2E8B57","strokeWidth":2,"font":"10pt Times New Roman","isUnderline":false,"isStrikethrough":false,"textAlign":"center","key":"-16","loc":"-160 -547","Name":"Flight selling management","Type":"<<Functional Goal>>","Annotation":"","group":"-15","size":"142 49.05882352941176"},{"figure":"Pentagon","width":0,"height":0,"nodeType":"target","fill":"#8FBC8F","stroke":"#2E8B57","strokeWidth":2,"font":"10pt Times New Roman","isUnderline":false,"isStrikethrough":false,"textAlign":"center","key":"-17","loc":"40 -527","Name":"Insurance selling","Type":"<<Functional Goal>>","Annotation":"","group":"-15","size":"145 49.05882352941176"},{"figure":"Pentagon","width":0,"height":0,"nodeType":"target","fill":"#8FBC8F","stroke":"#2E8B57","strokeWidth":2,"font":"10pt Times New Roman","isUnderline":false,"isStrikethrough":false,"textAlign":"center","key":"-18","loc":"-238.84396616617835 -461","Name":"Air ticket booking service","Type":"<<Functional Goal>>","Annotation":"","group":"-15","size":"163 49.05882352941176"},{"figure":"CreateRequest","width":0,"height":0,"nodeType":"target","fill":"#c0d9a2","stroke":"#8FBC8F","strokeWidth":2,"font":"10pt Times New Roman","isUnderline":false,"isStrikethrough":false,"textAlign":"center","key":"-19","loc":"-140 -300","Name":"Payment service","Type":"<<Operational Goal>>","Annotation":"","group":"-15","size":"72 34"},{"figure":"CreateRequest","width":0,"height":0,"nodeType":"target","fill":"#c0d9a2","stroke":"#8FBC8F","strokeWidth":2,"font":"10pt Times New Roman","isUnderline":false,"isStrikethrough":false,"textAlign":"center","key":"-20","loc":"-260 -300","Name":"Flight selection service","Type":"<<Operational Goal>>","Annotation":"","group":"-15","size":"94 34"},{"figure":"Pentagon","width":0,"height":0,"nodeType":"target","fill":"#8FBC8F","stroke":"#2E8B57","strokeWidth":2,"font":"10pt Times New Roman","isUnderline":false,"isStrikethrough":false,"textAlign":"center","key":"-21","loc":"-160 -627","Name":"Provide flight booking service","Type":"<<Functional Goal>>","Annotation":"","group":"-15","size":"190 49.05882352941176"},{"figure":"Pentagon","width":0,"height":0,"nodeType":"target","fill":"#8FBC8F","stroke":"#2E8B57","strokeWidth":2,"font":"10pt Times New Roman","isUnderline":false,"isStrikethrough":false,"textAlign":"center","key":"-22","loc":"-50 -447","Name":"Air ticket order management","Type":"<<Functional Goal>>","Annotation":"","group":"-15","size":"150 49.05882352941176"},{"figure":"CreateRequest","width":0,"height":0,"nodeType":"target","fill":"#c0d9a2","stroke":"#8FBC8F","strokeWidth":2,"font":"10pt Times New Roman","isUnderline":false,"isStrikethrough":false,"textAlign":"center","key":"-23","loc":"-50 -370","Name":"Consumer management","Type":"<<Operational Goal>>","Annotation":"","group":"-15","size":"87 34"},{"figure":"CreateRequest","width":0,"height":0,"nodeType":"target","fill":"#c0d9a2","stroke":"#8FBC8F","strokeWidth":2,"font":"10pt Times New Roman","isUnderline":false,"isStrikethrough":false,"textAlign":"center","key":"-24","loc":"-219.84862518310547 -371","Name":"Flight seat selection service","Type":"<<Operational Goal>>","Annotation":"","group":"-15","size":"96 34"},{"figure":"CreateRequest","width":0,"height":0,"nodeType":"target","fill":"#c0d9a2","stroke":"#8FBC8F","strokeWidth":2,"font":"10pt Times New Roman","isUnderline":false,"isStrikethrough":false,"textAlign":"center","key":"-25","loc":"40 -300","Name":"Personal injury protection coverage selling","Type":"<<Operational Goal>>","Annotation":"","group":"-15","size":"150.76409912109375 34"},{"minSize":{"class":"go.Size","width":20,"height":20},"width":0,"height":0,"fill":"#ffffff","stroke":"gray","strokeWidth":2,"font":"10pt Times New Roman","isUnderline":false,"isStrikethrough":false,"textAlign":"center","key":"-26","category":"OfNodes","isGroup":"true","Name":"Airlines","Type":"<<Actor Boundary>>","Annotation":""},{"minSize":{"class":"go.Size","width":20,"height":20},"width":0,"height":0,"fill":"#ffffff","stroke":"gray","strokeWidth":2,"font":"10pt Times New Roman","isUnderline":false,"isStrikethrough":false,"textAlign":"center","key":"-27","category":"OfNodes","isGroup":"true","Name":"Insurance companies","Type":"<<Actor Boundary>>","Annotation":"undefined"},{"figure":"Pentagon","width":0,"height":0,"nodeType":"target","fill":"#8FBC8F","stroke":"#2E8B57","strokeWidth":2,"font":"10pt Times New Roman","isUnderline":false,"isStrikethrough":false,"textAlign":"center","key":"-28","loc":"497 -107","Name":"Provide flight service","Type":"<<Functional Goal>>","Annotation":"","group":"-26"},{"figure":"Pentagon","width":0,"height":0,"nodeType":"target","fill":"#8FBC8F","stroke":"#2E8B57","strokeWidth":2,"font":"10pt Times New Roman","isUnderline":false,"isStrikethrough":false,"textAlign":"center","key":"-29","loc":"387 -27","Name":"Provide flight selling service","Type":"<<Functional Goal>>","Annotation":"","group":"-26","size":"169 49.05882352941176"},{"figure":"Pentagon","width":0,"height":0,"nodeType":"target","fill":"#8FBC8F","stroke":"#2E8B57","strokeWidth":2,"font":"10pt Times New Roman","isUnderline":false,"isStrikethrough":false,"textAlign":"center","key":"-30","loc":"540 -610","Name":"Provide guarantee service","Type":"<<Functional Goal>>","Annotation":"","group":"-27","size":"172.80042012532547 49.05882352941176"},{"figure":"Pentagon","width":0,"height":0,"nodeType":"target","fill":"#8FBC8F","stroke":"#2E8B57","strokeWidth":2,"font":"10pt Times New Roman","isUnderline":false,"isStrikethrough":false,"textAlign":"center","key":"-31","loc":"540 -510","Name":"Insurance selling","Type":"<<Functional Goal>>","Annotation":"","group":"-27","size":"147.47807312011716 49.05882352941176"},{"figure":"ExternalOrganization","width":0,"height":0,"nodeType":"serviceValue","fill":"#f4d9ce","stroke":"#CDB7B5","strokeWidth":2,"font":"10pt Times New Roman","isUnderline":false,"isStrikethrough":false,"textAlign":"center","key":"-4","loc":"-240 -220","Name":"Flight service of Fliggy platform","Type":"<<Resource>>","Annotation":""},{"figure":"Pentagon","width":0,"height":0,"nodeType":"target","fill":"#8FBC8F","stroke":"#2E8B57","strokeWidth":2,"font":"10pt Times New Roman","isUnderline":false,"isStrikethrough":false,"textAlign":"center","key":"-34","loc":"370 -450","Name":"Insurance coverage management","Type":"<<Functional Goal>>","Annotation":"","group":"-27","size":"184.46037292480463 49.05882352941176"},{"figure":"Pentagon","width":0,"height":0,"nodeType":"target","fill":"#8FBC8F","stroke":"#2E8B57","strokeWidth":2,"font":"10pt Times New Roman","isUnderline":false,"isStrikethrough":false,"textAlign":"center","key":"-35","loc":"369.88451385498047 -357","Name":"Provide personal injury protection coverage","Type":"<<Functional Goal>>","Annotation":"","group":"-27","size":"219 49.05882352941176"},{"figure":"CreateRequest","width":0,"height":0,"nodeType":"target","fill":"#c0d9a2","stroke":"#8FBC8F","strokeWidth":2,"font":"10pt Times New Roman","isUnderline":false,"isStrikethrough":false,"textAlign":"center","key":"-36","loc":"370 -280","Name":"Personal injury protection coverage selling","Type":"<<Operational Goal>>","Annotation":"","group":"-27","size":"164 34"},{"figure":"Pentagon","width":0,"height":0,"nodeType":"target","fill":"#8FBC8F","stroke":"#2E8B57","strokeWidth":2,"font":"10pt Times New Roman","isUnderline":false,"isStrikethrough":false,"textAlign":"center","key":"-37","loc":"540 -280","Name":"Insurance sale plan","Type":"<<Functional Goal>>","Annotation":"","group":"-27","size":"100.58136494954425 49.05882352941176"},{"figure":"Pentagon","width":0,"height":0,"nodeType":"target","fill":"#8FBC8F","stroke":"#2E8B57","strokeWidth":2,"font":"10pt Times New Roman","isUnderline":false,"isStrikethrough":false,"textAlign":"center","key":"-38","loc":"610 -340","Name":"Policyholder Management","Type":"<<Functional Goal>>","Annotation":"","group":"-27","size":"122 49.05882352941176"},{"figure":"Pentagon","width":0,"height":0,"nodeType":"target","fill":"#8FBC8F","stroke":"#2E8B57","strokeWidth":2,"font":"10pt Times New Roman","isUnderline":false,"isStrikethrough":false,"textAlign":"center","key":"-39","loc":"40 -617","Name":"Provide insurance selling service","Type":"<<Functional Goal>>","Annotation":"","group":"-15","size":"214 49.05882352941176"},{"figure":"Pentagon","width":0,"height":0,"nodeType":"target","fill":"#8FBC8F","stroke":"#2E8B57","strokeWidth":2,"font":"10pt Times New Roman","isUnderline":false,"isStrikethrough":false,"textAlign":"center","key":"-40","loc":"-60 -727","Name":"Provide one-stop travel service","Type":"<<Functional Goal>>","Annotation":"","group":"-15","size":"198 49.05882352941176"},{"figure":"Pentagon","width":0,"height":0,"nodeType":"target","fill":"#8FBC8F","stroke":"#2E8B57","strokeWidth":2,"font":"10pt Times New Roman","isUnderline":false,"isStrikethrough":false,"textAlign":"center","key":"-41","loc":"390 50","Name":"Flight selling management","Type":"<<Functional Goal>>","Annotation":"","group":"-26","size":"160 49.05882352941176"},{"figure":"Pentagon","width":0,"height":0,"nodeType":"target","fill":"#8FBC8F","stroke":"#2E8B57","strokeWidth":2,"font":"10pt Times New Roman","isUnderline":false,"isStrikethrough":false,"textAlign":"center","key":"-42","loc":"307 128","Name":"Air ticket selling service","Type":"<<Functional Goal>>","Annotation":"","group":"-26","size":"148 49.05882352941176"},{"figure":"CreateRequest","width":0,"height":0,"nodeType":"target","fill":"#c0d9a2","stroke":"#8FBC8F","strokeWidth":2,"font":"10pt Times New Roman","isUnderline":false,"isStrikethrough":false,"textAlign":"center","key":"-43","loc":"357 228","Name":"Flight seat selection service","Type":"<<Operational Goal>>","Annotation":"","group":"-26","size":"94 34"},{"figure":"CreateRequest","width":0,"height":0,"nodeType":"target","fill":"#c0d9a2","stroke":"#8FBC8F","strokeWidth":2,"font":"10pt Times New Roman","isUnderline":false,"isStrikethrough":false,"textAlign":"center","key":"-44","loc":"239.17960357666016 227.99999999999997","Name":"Flight selection service","Type":"<<Operational Goal>>","Annotation":"","group":"-26","size":"92 34"},{"figure":"CreateRequest","width":0,"height":0,"nodeType":"target","fill":"#c0d9a2","stroke":"#8FBC8F","strokeWidth":2,"font":"10pt Times New Roman","isUnderline":false,"isStrikethrough":false,"textAlign":"center","key":"-45","loc":"466.13731384277344 227.99999999999997","Name":"Payment service","Type":"<<Operational Goal>>","Annotation":"","group":"-26","size":"70 34"},{"figure":"Pentagon","width":0,"height":0,"nodeType":"target","fill":"#8FBC8F","stroke":"#2E8B57","strokeWidth":2,"font":"10pt Times New Roman","isUnderline":false,"isStrikethrough":false,"textAlign":"center","key":"-46","loc":"580 -30","Name":"Travel Insurance selling","Type":"<<Functional Goal>>","Annotation":"","group":"-26","size":"161 49.05882352941176"},{"figure":"CreateRequest","width":0,"height":0,"nodeType":"target","fill":"#c0d9a2","stroke":"#8FBC8F","strokeWidth":2,"font":"10pt Times New Roman","isUnderline":false,"isStrikethrough":false,"textAlign":"center","key":"-48","loc":"580 60","Name":"Personal injury protection coverage selling","Type":"<<Operational Goal>>","Annotation":"","group":"-26","size":"149 34"},{"figure":"Pentagon","width":0,"height":0,"nodeType":"target","fill":"#8FBC8F","stroke":"#2E8B57","strokeWidth":2,"font":"10pt Times New Roman","isUnderline":false,"isStrikethrough":false,"textAlign":"center","key":"-47","loc":"570 160","Name":"Air ticket order management","Type":"<<Functional Goal>>","Annotation":"","group":"-26","size":"161.33456420898432 49.05882352941176"},{"figure":"CreateRequest","width":0,"height":0,"nodeType":"target","fill":"#c0d9a2","stroke":"#8FBC8F","strokeWidth":2,"font":"10pt Times New Roman","isUnderline":false,"isStrikethrough":false,"textAlign":"center","key":"-49","loc":"570 230","Name":"Consumer management","Type":"<<Operational Goal>>","Annotation":"","group":"-26","size":"114 34"},{"figure":"ExternalOrganization","width":0,"height":0,"nodeType":"serviceValue","fill":"#f4d9ce","stroke":"#CDB7B5","strokeWidth":2,"font":"10pt Times New Roman","isUnderline":false,"isStrikethrough":false,"textAlign":"center","key":"-50","loc":"100 -220","Name":"Insurance service of Fliggy platform","Type":"<<Resource>>","Annotation":""},{"figure":"ExternalOrganization","width":0,"height":0,"nodeType":"serviceValue","fill":"#f4d9ce","stroke":"#CDB7B5","strokeWidth":2,"font":"10pt Times New Roman","isUnderline":false,"isStrikethrough":false,"textAlign":"center","key":"-51","loc":"210 -460","Name":"Flight service","Type":"<<Resource>>","Annotation":""},{"figure":"ExternalOrganization","width":0,"height":0,"nodeType":"serviceValue","fill":"#f4d9ce","stroke":"#CDB7B5","strokeWidth":2,"font":"10pt Times New Roman","isUnderline":false,"isStrikethrough":false,"textAlign":"center","key":"-52","loc":"300 -710","Name":"Insurance service","Type":"<<Resource>>","Annotation":""}],"linkDataArray":[{"from":"-1","to":"-3","points":[-80,-94.98520445220711,-80,-84.98520445220711,-80,-84,-180,-84,-180,-29.550310202205875,-180,-19.550310202205875]},{"from":"-1","to":"-5","points":[-80,-94.98520445220711,-80,-84.98520445220711,-80,-57.267757327206496,10,-57.267757327206496,10,-29.550310202205875,10,-19.550310202205875]},{"from":"-3","to":"-10","points":[-180,25.014795547792872,-180,35.01479554779287,-180,42.732242672793504,-180,42.732242672793504,-180,50.44968979779413,-180,60.44968979779413]},{"from":"-10","to":"-6","points":[-180,105.01479554779289,-180,115.01479554779289,-180,121.49694855514645,-240,121.49694855514645,-240,127.9791015625,-240,137.9791015625]},{"from":"-10","to":"-8","points":[-180,105.01479554779289,-180,115.01479554779289,-180,121.49694855514645,-140,121.49694855514645,-140,127.9791015625,-140,137.9791015625]},{"from":"-5","to":"-11","points":[10,25.01479554779288,10,35.01479554779288,10,42.732242672793504,10,42.732242672793504,10,50.44968979779412,10,60.44968979779412]},{"from":"-11","to":"-14","points":[10.000000000000014,105.01479554779289,10.000000000000014,115.01479554779289,10.000000000000014,117.7322426727935,20,117.7322426727935,20,120.44968979779412,20,130.44968979779412]},{"from":"-14","to":"-12","points":[20,175.0147955477929,20,185.0147955477929,20,189.99694855514645,20,189.99694855514645,20,194.97910156249998,20,204.97910156249998]},{"from":"-18","to":"-20","points":[-238.84396616617835,-448.9852044522071,-238.84396616617835,-438.9852044522071,-238.84396616617835,-436,-238.84396616617835,-436,-238.84396616617835,-420,-300,-420,-300,-332,-260,-332,-260,-335.0208984375,-260,-325.0208984375]},{"from":"-18","to":"-19","points":[-238.84396616617835,-448.9852044522071,-238.84396616617835,-438.9852044522071,-238.84396616617835,-436,-140,-436,-140,-335.0208984375,-140,-325.0208984375]},{"from":"-16","to":"-18","points":[-160,-534.9852044522071,-160,-524.9852044522071,-160,-524,-160,-524,-160,-508,-238.84396616617835,-508,-238.84396616617835,-503.5503102022059,-238.84396616617835,-493.5503102022059]},{"from":"-16","to":"-22","points":[-160,-530.4914866727942,-160,-520.4914866727942,-160,-505.0208984375,-50,-505.0208984375,-50,-489.5503102022059,-50,-479.5503102022059]},{"from":"-18","to":"-24","points":[-238.84396616617835,-448.9852044522071,-238.84396616617835,-438.9852044522071,-238.84396616617835,-422.50305144485355,-219.84862518310547,-422.50305144485355,-219.84862518310547,-406.0208984375,-219.84862518310547,-396.0208984375]},{"from":"-22","to":"-23","points":[-50.000000000000014,-434.9852044522071,-50.000000000000014,-424.9852044522071,-50,-424.9852044522071,-50,-424.9852044522071,-50,-405.0208984375,-50,-395.0208984375]},{"from":"-21","to":"-16","points":[-160,-614.9852044522071,-160,-604.9852044522071,-160,-597.2677573272065,-160,-597.2677573272065,-160,-589.5503102022059,-160,-579.5503102022059]},{"from":"-17","to":"-25","points":[40,-514.9852044522071,40,-504.9852044522071,40,-504.9852044522071,40,-504.9852044522071,40,-335.0208984375,40,-325.0208984375]},{"from":"-30","to":"-31","points":[540,-597.9852044522071,540,-587.9852044522071,540,-570.2677573272065,540,-570.2677573272065,540,-552.5503102022059,540,-542.5503102022059]},{"from":"-31","to":"-34","points":[477.12447975143755,-518.0208984375,467.12447975143755,-518.0208984375,467.12447975143755,-518.0208984375,467.12447975143755,-458.0208984375,458.60503186034987,-458.0208984375,448.60503186034987,-458.0208984375]},{"from":"-35","to":"-36","points":[369.88451385498047,-344.98520445220714,369.88451385498047,-334.98520445220714,369.88451385498047,-325.00305144485355,370,-325.00305144485355,370,-315.0208984375,370,-305.0208984375]},{"from":"-34","to":"-35","points":[370,-437.98520445220714,370,-427.98520445220714,370,-413.7677573272065,369.88451385498047,-413.7677573272065,369.88451385498047,-399.5503102022059,369.88451385498047,-389.5503102022059]},{"from":"-31","to":"-37","points":[540,-497.98520445220714,540,-487.98520445220714,540,-487.98520445220714,540,-487.98520445220714,540,-322.5503102022059,540,-312.5503102022059]},{"from":"-31","to":"-38","points":[540,-497.98520445220714,540,-487.98520445220714,540,-435.2677573272065,610,-435.2677573272065,610,-382.5503102022059,610,-372.5503102022059]},{"from":"-39","to":"-17","points":[39.999999999999986,-604.9852044522071,39.999999999999986,-594.9852044522071,40,-594.9852044522071,40,-594.9852044522071,40,-569.5503102022059,40,-559.5503102022059]},{"from":"-40","to":"-21","points":[-60,-714.9852044522071,-60,-704.9852044522071,-60,-708,-60,-708,-60,-684,-160,-684,-160,-669.5503102022059,-160,-659.5503102022059]},{"from":"-40","to":"-39","points":[-60,-714.9852044522071,-60,-704.9852044522071,-60,-682.2677573272065,40.000000000000014,-682.2677573272065,40.000000000000014,-659.5503102022059,40.000000000000014,-649.5503102022059]},{"from":"-28","to":"-29","points":[497,-90.49148667279411,497,-80.49148667279411,497,-80.49148667279411,387,-80.49148667279411,387,-69.55031020220588,387,-59.55031020220588]},{"from":"-28","to":"-46","points":[497,-90.49148667279411,497,-80.49148667279411,497,-76.5208984375,580,-76.5208984375,580,-72.55031020220588,580,-62.55031020220588]},{"from":"-46","to":"-48","points":[580,-17.985204452207128,580,-7.985204452207128,580,8.496948555146439,580,8.496948555146439,580,24.979101562500006,580,34.979101562500006]},{"from":"-29","to":"-41","points":[387,-14.985204452207114,387,-4.985204452207114,387,1.2322426727935056,390,1.2322426727935056,390,7.449689797794125,390,17.449689797794125]},{"from":"-41","to":"-42","points":[390,66.50851332720589,390,76.50851332720589,390,80.9791015625,307,80.9791015625,307,85.44968979779412,307,95.44968979779412]},{"from":"-42","to":"-44","points":[307,140.01479554779286,307,150.01479554779286,307,171.49694855514642,239.17960357666016,171.49694855514642,239.17960357666016,192.97910156249998,239.17960357666016,202.97910156249998]},{"from":"-42","to":"-43","points":[307,140.01479554779286,307,150.01479554779286,307,148,307,148,307,172,357,172,357,192.9791015625,357,202.9791015625]},{"from":"-42","to":"-45","points":[307,144.5085133272059,307,154.5085133272059,307,156,466.13731384277344,156,466.13731384277344,192.97910156249998,466.13731384277344,202.97910156249998]},{"from":"-41","to":"-47","points":[390,66.50851332720589,390,76.50851332720589,390,96.9791015625,570,96.9791015625,570,117.44968979779412,570,127.44968979779412]},{"from":"-47","to":"-49","points":[570,172.0147955477929,570,182.0147955477929,570,188.49694855514645,570,188.49694855514645,570,194.9791015625,570,204.9791015625]},{"from":"-46","to":"-9","points":[580,-62.55031020220587,580,-72.55031020220588,580,-76,700,-76,700,-181.0208984375,700,-191.0208984375]},{"from":"-9","to":"-31","points":[700,-225.0208984375,700,-235.0208984375,700,-518.0208984375,661.8695182800293,-518.0208984375,623.7390365600586,-518.0208984375,613.7390365600586,-518.0208984375]},{"from":"-3","to":"-4","points":[-180,-19.550310202205875,-180,-29.550310202205875,-180,-29.550310202205875,-240,-29.550310202205875,-240,-201.0208984375,-240,-211.0208984375]},{"from":"-4","to":"-18","points":[-240,-245.0208984375,-240,-255.0208984375,-240,-255.0208984375,-332,-255.0208984375,-332,-469.0208984375,-330.34396616617835,-469.0208984375,-320.34396616617835,-469.0208984375]},{"from":"-14","to":"-50","points":[78.09985097249347,154.9791015625,88.09985097249347,154.9791015625,92,154.9791015625,92,154.9791015625,100,154.9791015625,100,-201.0208984375,100,-211.0208984375]},{"from":"-50","to":"-17","points":[100,-245.0208984375,100,-255.0208984375,100,-255.0208984375,40,-255.0208984375,40,-504.9852044522071,40,-514.9852044522071]},{"from":"-18","to":"-51","points":[-169.3665760938391,-469.0208984375,-159.3665760938391,-469.0208984375,1.0839925316937382,-469.0208984375,1.0839925316937382,-468.0208984375,161.53456115722656,-468.0208984375,171.53456115722656,-468.0208984375]},{"from":"-51","to":"-29","points":[210,-451.0208984375,210,-441.0208984375,210,-444,210,-444,210,-220,387,-220,387,-69.55031020220588,387,-59.55031020220588]},{"from":"-17","to":"-52","points":[101.82153279717093,-535.0208984375,111.82153279717093,-535.0208984375,108,-535.0208984375,108,-535.0208984375,172,-535.0208984375,172,-718.0208984375,241.55658721923828,-718.0208984375,251.55658721923828,-718.0208984375]},{"from":"-52","to":"-31","points":[348.4434127807617,-718.0208984375,358.4434127807617,-718.0208984375,356,-718.0208984375,356,-718.0208984375,468,-718.0208984375,468,-518.0208984375,467.12447975143755,-518.0208984375,477.12447975143755,-518.0208984375]},{"from":"-11","to":"-13","points":[-64.58129492245146,84.9791015625,-74.58129492245146,84.9791015625,-76,84.9791015625,-76,214.97910156249998,-77.47882843017578,214.97910156249998,-87.47882843017578,214.97910156249998]}]}