{"class":"GraphLinksModel","modelData":{"position":"-489.0467168586298 -59.40643598747624"},"nodeDataArray":[{"Name":"Consumers","Type":"<<Role>>","Annotation":"","figure":"Actor","minSize":{"class":"go.Size","width":20,"height":20},"width":50,"height":70,"nodeType":"serviceValue","fill":"#eac49e","stroke":"#CDAA7D","strokeWidth":2,"font":"10pt Times New Roman","isUnderline":false,"isStrikethrough":false,"textAlign":"center","strokeDashArray":null,"key":-6,"loc":"-180 170"},{"Name":"Get the convenience of air travel","Type":"<<Goal>>","Annotation":"","figure":"Ellipse","nodeType":"serviceValue","fill":"#b0cdb9","stroke":"#2E8B57","strokeWidth":2,"font":"10pt Times New Roman","isUnderline":false,"isStrikethrough":false,"textAlign":"center","strokeDashArray":null,"key":-5,"loc":"-180 80","size":"172 48.51162790697675"},{"Name":"Air tickets order","Type":"<<Value object>>","Annotation":"","figure":"RoundedRectangle","nodeType":"serviceValue","fill":"#f4e4d0","stroke":"#CDAA7D","strokeWidth":2,"font":"10pt Times New Roman","isUnderline":false,"isStrikethrough":false,"textAlign":"center","strokeDashArray":null,"key":-2,"loc":"110 170"},{"Name":"Booking air tickets","Type":"<<Value activity>>","Annotation":"","figure":"Card","nodeType":"serviceValue","fill":"#fad7a7","stroke":"#DAA520","strokeWidth":2,"font":"10pt Times New Roman","isUnderline":false,"isStrikethrough":false,"textAlign":"center","strokeDashArray":null,"key":-1,"loc":"-50 170"},{"Name":"Buy personal accident insurance","Type":"<<Value activity>>","Annotation":"","figure":"Card","nodeType":"serviceValue","fill":"#fad7a7","stroke":"#DAA520","strokeWidth":2,"font":"10pt Times New Roman","isUnderline":false,"isStrikethrough":false,"textAlign":"center","strokeDashArray":null,"key":-7,"loc":"-180 270","size":"108.85371398925781 60"},{"Name":"Insurances order","Type":"<<Value object>>","Annotation":"","figure":"RoundedRectangle","nodeType":"serviceValue","fill":"#f4e4d0","stroke":"#CDAA7D","strokeWidth":2,"font":"10pt Times New Roman","isUnderline":false,"isStrikethrough":false,"textAlign":"center","strokeDashArray":null,"key":-8,"loc":"-180 370"},{"Name":"Insurances selling","Type":"<<Service>>","Annotation":"","figure":"InternalStorage","nodeType":"serviceValue","fill":"#e2c0c1","stroke":"#BC8F8F","strokeWidth":2,"font":"10pt Times New Roman","isUnderline":false,"isStrikethrough":false,"textAlign":"center","strokeDashArray":null,"key":-4,"loc":"-180 450"},{"Name":"Order management","Type":"<<Value activity>>","Annotation":"","figure":"Card","nodeType":"serviceValue","fill":"#fad7a7","stroke":"#DAA520","strokeWidth":2,"font":"10pt Times New Roman","isUnderline":false,"isStrikethrough":false,"textAlign":"center","strokeDashArray":null,"key":-9,"loc":"-10 390"},{"Name":"Orders","Type":"<<Value object>>","Annotation":"","figure":"RoundedRectangle","nodeType":"serviceValue","fill":"#f4e4d0","stroke":"#CDAA7D","strokeWidth":2,"font":"10pt Times New Roman","isUnderline":false,"isStrikethrough":false,"textAlign":"center","strokeDashArray":null,"key":-10,"loc":"-10 320"},{"Name":"Fliggy platform","Type":"<<Role>>","Annotation":"","figure":"Actor","minSize":{"class":"go.Size","width":20,"height":20},"width":50,"height":70,"nodeType":"serviceValue","fill":"#eac49e","stroke":"#CDAA7D","strokeWidth":2,"font":"10pt Times New Roman","isUnderline":false,"isStrikethrough":false,"textAlign":"center","strokeDashArray":null,"key":-11,"loc":"150 440","size":"90 78.88888888888889"},{"Name":"Insurance companies","Type":"<<Role>>","Annotation":"","figure":"Actor","minSize":{"class":"go.Size","width":20,"height":20},"width":50,"height":70,"nodeType":"serviceValue","fill":"#eac49e","stroke":"#CDAA7D","strokeWidth":2,"font":"10pt Times New Roman","isUnderline":false,"isStrikethrough":false,"textAlign":"center","strokeDashArray":null,"key":-12,"loc":"150 590","size":"103 84"},{"Name":"Airlines","Type":"<<Role>>","Annotation":"","figure":"Actor","minSize":{"class":"go.Size","width":20,"height":20},"width":50,"height":70,"nodeType":"serviceValue","fill":"#eac49e","stroke":"#CDAA7D","strokeWidth":2,"font":"10pt Times New Roman","isUnderline":false,"isStrikethrough":false,"textAlign":"center","strokeDashArray":null,"key":-13,"loc":"340 160"},{"Name":"Provide insurances","Type":"<<Value activity>>","Annotation":"","figure":"Card","nodeType":"serviceValue","fill":"#fad7a7","stroke":"#DAA520","strokeWidth":2,"font":"10pt Times New Roman","isUnderline":false,"isStrikethrough":false,"textAlign":"center","strokeDashArray":null,"key":-14,"loc":"-10 450"},{"Name":"Insurances selling","Type":"<<Value activity>>","Annotation":"","figure":"Card","nodeType":"serviceValue","fill":"#fad7a7","stroke":"#DAA520","strokeWidth":2,"font":"10pt Times New Roman","isUnderline":false,"isStrikethrough":false,"textAlign":"center","strokeDashArray":null,"key":-16,"loc":"-10 590"},{"Name":"Insurance plicies","Type":"<<Value object>>","Annotation":"","figure":"RoundedRectangle","nodeType":"serviceValue","fill":"#f4e4d0","stroke":"#CDAA7D","strokeWidth":2,"font":"10pt Times New Roman","isUnderline":false,"isStrikethrough":false,"textAlign":"center","strokeDashArray":null,"key":-17,"loc":"-160 590"},{"Name":"Provide guarantee mechanisms","Type":"<<Goal>>","Annotation":"","figure":"Ellipse","nodeType":"serviceValue","fill":"#b0cdb9","stroke":"#2E8B57","strokeWidth":2,"font":"10pt Times New Roman","isUnderline":false,"isStrikethrough":false,"textAlign":"center","strokeDashArray":null,"key":-18,"loc":"350 590","size":"163 48.51162790697675"},{"Name":"Provide travel services","Type":"<<Goal>>","Annotation":"","figure":"Ellipse","nodeType":"serviceValue","fill":"#b0cdb9","stroke":"#2E8B57","strokeWidth":2,"font":"10pt Times New Roman","isUnderline":false,"isStrikethrough":false,"textAlign":"center","strokeDashArray":null,"key":-19,"loc":"340 440","size":"131 48.51162790697675"},{"Name":"Provide air tickets booking service","Type":"<<Value activity>>","Annotation":"","figure":"Card","nodeType":"serviceValue","fill":"#fad7a7","stroke":"#DAA520","strokeWidth":2,"font":"10pt Times New Roman","isUnderline":false,"isStrikethrough":false,"textAlign":"center","strokeDashArray":null,"key":-20,"loc":"150 340"},{"Name":"Air tickets booking","Type":"<<Service>>","Annotation":"","figure":"InternalStorage","nodeType":"serviceValue","fill":"#e2c0c1","stroke":"#BC8F8F","strokeWidth":2,"font":"10pt Times New Roman","isUnderline":false,"isStrikethrough":false,"textAlign":"center","strokeDashArray":null,"key":-21,"loc":"110 260"},{"Name":"Air ticket selling","Type":"<<Value activity>>","Annotation":"","figure":"Card","nodeType":"serviceValue","fill":"#fad7a7","stroke":"#DAA520","strokeWidth":2,"font":"10pt Times New Roman","isUnderline":false,"isStrikethrough":false,"textAlign":"center","strokeDashArray":null,"key":-22,"loc":"340 250"},{"Name":"Air tickets","Type":"<<Value object>>","Annotation":"","figure":"RoundedRectangle","nodeType":"serviceValue","fill":"#f4e4d0","stroke":"#CDAA7D","strokeWidth":2,"font":"10pt Times New Roman","isUnderline":false,"isStrikethrough":false,"textAlign":"center","strokeDashArray":null,"key":-23,"loc":"220 250"},{"Name":"Provide air travel service","Type":"<<Goal>>","Annotation":"","figure":"Ellipse","nodeType":"serviceValue","fill":"#b0cdb9","stroke":"#2E8B57","strokeWidth":2,"font":"10pt Times New Roman","isUnderline":false,"isStrikethrough":false,"textAlign":"center","strokeDashArray":null,"key":-24,"loc":"340 80","size":"140 48.51162790697675"},{"Name":"Air ticket orders","Type":"<<Resource>>","Annotation":"","figure":"ExternalOrganization","nodeType":"serviceValue","fill":"#f4d9ce","stroke":"#CDB7B5","strokeWidth":2,"font":"10pt Times New Roman","isUnderline":false,"isStrikethrough":false,"textAlign":"center","strokeDashArray":null,"key":-3,"loc":"340 340"},{"Name":"Insurances orders","Type":"<<Resource>>","Annotation":"","figure":"ExternalOrganization","nodeType":"serviceValue","fill":"#f4d9ce","stroke":"#CDB7B5","strokeWidth":2,"font":"10pt Times New Roman","isUnderline":false,"isStrikethrough":false,"textAlign":"center","strokeDashArray":null,"key":-25,"loc":"-10 520"}],"linkDataArray":[{"from":-6,"to":-1,"points":[-127.34588368733725,161.97910156249998,-117.34588368733725,161.97910156249998,-115.0327746073405,161.97910156249998,-115.0327746073405,161.9791015625,-112.71966552734375,161.9791015625,-102.71966552734375,161.9791015625]},{"from":-1,"to":-2,"points":[2.71966552734375,161.9791015625,12.71966552734375,161.9791015625,32.14053980388981,161.9791015625,32.14053980388981,161.9791015625,51.561414080435874,161.9791015625,61.561414080435874,161.9791015625]},{"from":-6,"to":-5,"points":[-180,136.53465711805555,-180,126.53465711805555,-180,126.53465711805555,-180,126.53465711805555,-180,106.23491551598838,-180,96.23491551598838]},{"from":-6,"to":-7,"points":[-180,170.31243489583335,-180,180.31243489583335,-180,180.31243489583335,-180,180.31243489583335,-180,221.9791015625,-180,231.9791015625]},{"from":-7,"to":-8,"points":[-180,291.9791015625,-180,301.9791015625,-180,317.09838968792303,-180,317.09838968792303,-180,332.21767781334603,-180,342.21767781334603]},{"from":-8,"to":-4,"points":[-180,381.740525311654,-180,391.740525311654,-180,403.359813437077,-180,403.359813437077,-180,414.9791015625,-180,424.9791015625]},{"from":-11,"to":-9,"points":[105,431.97910156250003,95,431.97910156250003,74.12996292114258,431.97910156250003,74.12996292114258,381.9791015625,53.259925842285156,381.9791015625,43.259925842285156,381.9791015625]},{"from":-9,"to":-10,"points":[-9.999999999999993,360.9791015625,-9.999999999999993,350.9791015625,-9.999999999999993,346.359813437077,-10.000000000000004,346.359813437077,-10.000000000000004,341.740525311654,-10.000000000000004,331.740525311654]},{"from":-4,"to":-14,"points":[-130.06282806396484,441.9791015625,-120.06282806396484,441.9791015625,-96.296875,441.9791015625,-96.296875,441.9791015625,-72.53092193603516,441.9791015625,-62.530921936035156,441.9791015625]},{"from":-16,"to":-17,"points":[-59.937171936035156,581.9791015625,-69.93717193603516,581.9791015625,-85.103289285091,581.9791015625,-85.103289285091,581.9791015625,-100.26940663414682,581.9791015625,-110.26940663414682,581.9791015625]},{"from":-12,"to":-16,"points":[98.5,581.9791015625,88.5,581.9791015625,69.21858596801758,581.9791015625,69.21858596801758,581.9791015625,49.937171936035156,581.9791015625,39.937171936035156,581.9791015625]},{"from":-12,"to":-18,"points":[201.5,581.9791015625,211.5,581.9791015625,235,581.9791015625,235,581.9791015625001,258.5,581.9791015625001,268.5,581.9791015625001]},{"from":-11,"to":-14,"points":[105,431.97910156250003,95,431.97910156250003,73.76546096801758,431.97910156250003,73.76546096801758,441.9791015625,52.530921936035156,441.9791015625,42.530921936035156,441.9791015625]},{"from":-11,"to":-19,"points":[195,431.97910156250003,205,431.97910156250003,234.75,431.97910156250003,234.75,431.9791015625,264.5,431.9791015625,274.5,431.9791015625]},{"from":-11,"to":-20,"points":[150,392.5346571180556,150,382.5346571180556,150,372.7568793402778,150,372.7568793402778,150,362.9791015625,150,352.9791015625]},{"from":-2,"to":-21,"points":[110,181.74052531165398,110,191.74052531165398,110,208.35981343707698,110,208.35981343707698,110,224.9791015625,110,234.9791015625]},{"from":-21,"to":-20,"points":[110,268.9791015625,110,278.9791015625,110,276,110,276,110,292,150,292,150,300.9791015625,150,310.9791015625]},{"from":-13,"to":-24,"points":[340,126.53465711805555,340,116.53465711805555,340,111.38478631702196,340,111.38478631702196,340,106.23491551598838,340,96.23491551598838]},{"from":-13,"to":-22,"points":[339,151.97910156249998,339,161.97910156249998,339,186.47910156249998,340,186.47910156249998,340,210.9791015625,340,220.9791015625]},{"from":-22,"to":-23,"points":[293.20658111572266,241.9791015625,283.20658111572266,241.9791015625,272.9583524080242,241.9791015625,272.9583524080242,241.9791015625,262.7101237003258,241.9791015625,252.71012370032582,241.9791015625]},{"from":-3,"to":-22,"points":[340,314.9791015625,340,304.9791015625,340,288.9791015625,340,288.9791015625,340,272.9791015625,340,262.9791015625]},{"from":-20,"to":-3,"points":[244.5450897216797,331.9791015625,254.5450897216797,331.9791015625,269.43396377563477,331.9791015625,269.43396377563477,331.9791015625,284.32283782958984,331.9791015625,294.32283782958984,331.9791015625]},{"from":-14,"to":-25,"points":[-10,462.9791015625,-10,472.9791015625,-10,478.9791015625,-10,478.9791015625,-10,484.9791015625,-10,494.9791015625]},{"from":-25,"to":-16,"points":[-10,528.9791015625,-10,538.9791015625,-10,544.9791015625,-9.999999999999993,544.9791015625,-9.999999999999993,550.9791015625,-9.999999999999993,560.9791015625]}]}